Date,Week of Year,WeekRunningOrder,YY-MMM,MonthRunningOrder,QuarterName,Quarter,Year
2025-01-01 00:00:00,1,202501,25_Jan,202501,2025_Q1,1,2025
2025-01-02 00:00:00,1,202501,25_Jan,202501,2025_Q1,1,2025
2025-01-03 00:00:00,1,202501,25_Jan,202501,2025_Q1,1,2025
2025-01-04 00:00:00,1,202501,25_Jan,202501,2025_Q1,1,2025
2025-01-05 00:00:00,1,202501,25_Jan,202501,2025_Q1,1,2025
2025-01-06 00:00:00,2,202502,25_Jan,202501,2025_Q1,1,2025
2025-01-07 00:00:00,2,202502,25_Jan,202501,2025_Q1,1,2025
2025-01-08 00:00:00,2,202502,25_Jan,202501,2025_Q1,1,2025
2025-01-09 00:00:00,2,202502,25_Jan,202501,2025_Q1,1,2025
2025-01-10 00:00:00,2,202502,25_Jan,202501,2025_Q1,1,2025
2025-01-11 00:00:00,2,202502,25_Jan,202501,2025_Q1,1,2025
2025-01-12 00:00:00,2,202502,25_Jan,202501,2025_Q1,1,2025
2025-01-13 00:00:00,3,202503,25_Jan,202501,2025_Q1,1,2025
2025-01-14 00:00:00,3,202503,25_Jan,202501,2025_Q1,1,2025
2025-01-15 00:00:00,3,202503,25_Jan,202501,2025_Q1,1,2025
2025-01-16 00:00:00,3,202503,25_Jan,202501,2025_Q1,1,2025
2025-01-17 00:00:00,3,202503,25_Jan,202501,2025_Q1,1,2025
2025-01-18 00:00:00,3,202503,25_Jan,202501,2025_Q1,1,2025
2025-01-19 00:00:00,3,202503,25_Jan,202501,2025_Q1,1,2025
2025-01-20 00:00:00,4,202504,25_Jan,202501,2025_Q1,1,2025
2025-01-21 00:00:00,4,202504,25_Jan,202501,2025_Q1,1,2025
2025-01-22 00:00:00,4,202504,25_Jan,202501,2025_Q1,1,2025
2025-01-23 00:00:00,4,202504,25_Jan,202501,2025_Q1,1,2025
2025-01-24 00:00:00,4,202504,25_Jan,202501,2025_Q1,1,2025
2025-01-25 00:00:00,4,202504,25_Jan,202501,2025_Q1,1,2025
2025-01-26 00:00:00,4,202504,25_Jan,202501,2025_Q1,1,2025
2025-01-27 00:00:00,5,202505,25_Jan,202501,2025_Q1,1,2025
2025-01-28 00:00:00,5,202505,25_Jan,202501,2025_Q1,1,2025
2025-01-29 00:00:00,5,202505,25_Jan,202501,2025_Q1,1,2025
2025-01-30 00:00:00,5,202505,25_Jan,202501,2025_Q1,1,2025
2025-01-31 00:00:00,5,202505,25_Jan,202501,2025_Q1,1,2025
2025-02-01 00:00:00,5,202505,25_Feb,202502,2025_Q1,1,2025
2025-02-02 00:00:00,5,202505,25_Feb,202502,2025_Q1,1,2025
2025-02-03 00:00:00,6,202506,25_Feb,202502,2025_Q1,1,2025
2025-02-04 00:00:00,6,202506,25_Feb,202502,2025_Q1,1,2025
2025-02-05 00:00:00,6,202506,25_Feb,202502,2025_Q1,1,2025
2025-02-06 00:00:00,6,202506,25_Feb,202502,2025_Q1,1,2025
2025-02-07 00:00:00,6,202506,25_Feb,202502,2025_Q1,1,2025
2025-02-08 00:00:00,6,202506,25_Feb,202502,2025_Q1,1,2025
2025-02-09 00:00:00,6,202506,25_Feb,202502,2025_Q1,1,2025
2025-02-10 00:00:00,7,202507,25_Feb,202502,2025_Q1,1,2025
2025-02-11 00:00:00,7,202507,25_Feb,202502,2025_Q1,1,2025
2025-02-12 00:00:00,7,202507,25_Feb,202502,2025_Q1,1,2025
2025-02-13 00:00:00,7,202507,25_Feb,202502,2025_Q1,1,2025
2025-02-14 00:00:00,7,202507,25_Feb,202502,2025_Q1,1,2025
2025-02-15 00:00:00,7,202507,25_Feb,202502,2025_Q1,1,2025
2025-02-16 00:00:00,7,202507,25_Feb,202502,2025_Q1,1,2025
2025-02-17 00:00:00,8,202508,25_Feb,202502,2025_Q1,1,2025
2025-02-18 00:00:00,8,202508,25_Feb,202502,2025_Q1,1,2025
2025-02-19 00:00:00,8,202508,25_Feb,202502,2025_Q1,1,2025
2025-02-20 00:00:00,8,202508,25_Feb,202502,2025_Q1,1,2025
2025-02-21 00:00:00,8,202508,25_Feb,202502,2025_Q1,1,2025
2025-02-22 00:00:00,8,202508,25_Feb,202502,2025_Q1,1,2025
2025-02-23 00:00:00,8,202508,25_Feb,202502,2025_Q1,1,2025
2025-02-24 00:00:00,9,202509,25_Feb,202502,2025_Q1,1,2025
2025-02-25 00:00:00,9,202509,25_Feb,202502,2025_Q1,1,2025
2025-02-26 00:00:00,9,202509,25_Feb,202502,2025_Q1,1,2025
2025-02-27 00:00:00,9,202509,25_Feb,202502,2025_Q1,1,2025
2025-02-28 00:00:00,9,202509,25_Feb,202502,2025_Q1,1,2025
2025-03-01 00:00:00,9,202509,25_Mar,202503,2025_Q1,1,2025
2025-03-02 00:00:00,9,202509,25_Mar,202503,2025_Q1,1,2025
2025-03-03 00:00:00,10,202510,25_Mar,202503,2025_Q1,1,2025
2025-03-04 00:00:00,10,202510,25_Mar,202503,2025_Q1,1,2025
2025-03-05 00:00:00,10,202510,25_Mar,202503,2025_Q1,1,2025
2025-03-06 00:00:00,10,202510,25_Mar,202503,2025_Q1,1,2025
2025-03-07 00:00:00,10,202510,25_Mar,202503,2025_Q1,1,2025
2025-03-08 00:00:00,10,202510,25_Mar,202503,2025_Q1,1,2025
2025-03-09 00:00:00,10,202510,25_Mar,202503,2025_Q1,1,2025
2025-03-10 00:00:00,11,202511,25_Mar,202503,2025_Q1,1,2025
2025-03-11 00:00:00,11,202511,25_Mar,202503,2025_Q1,1,2025
2025-03-12 00:00:00,11,202511,25_Mar,202503,2025_Q1,1,2025
2025-03-13 00:00:00,11,202511,25_Mar,202503,2025_Q1,1,2025
2025-03-14 00:00:00,11,202511,25_Mar,202503,2025_Q1,1,2025
2025-03-15 00:00:00,11,202511,25_Mar,202503,2025_Q1,1,2025
2025-03-16 00:00:00,11,202511,25_Mar,202503,2025_Q1,1,2025
2025-03-17 00:00:00,12,202512,25_Mar,202503,2025_Q1,1,2025
2025-03-18 00:00:00,12,202512,25_Mar,202503,2025_Q1,1,2025
2025-03-19 00:00:00,12,202512,25_Mar,202503,2025_Q1,1,2025
2025-03-20 00:00:00,12,202512,25_Mar,202503,2025_Q1,1,2025
2025-03-21 00:00:00,12,202512,25_Mar,202503,2025_Q1,1,2025
2025-03-22 00:00:00,12,202512,25_Mar,202503,2025_Q1,1,2025
2025-03-23 00:00:00,12,202512,25_Mar,202503,2025_Q1,1,2025
2025-03-24 00:00:00,13,202513,25_Mar,202503,2025_Q1,1,2025
2025-03-25 00:00:00,13,202513,25_Mar,202503,2025_Q1,1,2025
2025-03-26 00:00:00,13,202513,25_Mar,202503,2025_Q1,1,2025
2025-03-27 00:00:00,13,202513,25_Mar,202503,2025_Q1,1,2025
2025-03-28 00:00:00,13,202513,25_Mar,202503,2025_Q1,1,2025
2025-03-29 00:00:00,13,202513,25_Mar,202503,2025_Q1,1,2025
2025-03-30 00:00:00,13,202513,25_Mar,202503,2025_Q1,1,2025
2025-03-31 00:00:00,14,202514,25_Mar,202503,2025_Q1,1,2025
2025-04-01 00:00:00,14,202514,25_Apr,202504,2025_Q2,2,2025
2025-04-02 00:00:00,14,202514,25_Apr,202504,2025_Q2,2,2025
2025-04-03 00:00:00,14,202514,25_Apr,202504,2025_Q2,2,2025
2025-04-04 00:00:00,14,202514,25_Apr,202504,2025_Q2,2,2025
2025-04-05 00:00:00,14,202514,25_Apr,202504,2025_Q2,2,2025
2025-04-06 00:00:00,14,202514,25_Apr,202504,2025_Q2,2,2025
2025-04-07 00:00:00,15,202515,25_Apr,202504,2025_Q2,2,2025
2025-04-08 00:00:00,15,202515,25_Apr,202504,2025_Q2,2,2025
2025-04-09 00:00:00,15,202515,25_Apr,202504,2025_Q2,2,2025
2025-04-10 00:00:00,15,202515,25_Apr,202504,2025_Q2,2,2025
2025-04-11 00:00:00,15,202515,25_Apr,202504,2025_Q2,2,2025
2025-04-12 00:00:00,15,202515,25_Apr,202504,2025_Q2,2,2025
2025-04-13 00:00:00,15,202515,25_Apr,202504,2025_Q2,2,2025
2025-04-14 00:00:00,16,202516,25_Apr,202504,2025_Q2,2,2025
2025-04-15 00:00:00,16,202516,25_Apr,202504,2025_Q2,2,2025
2025-04-16 00:00:00,16,202516,25_Apr,202504,2025_Q2,2,2025
2025-04-17 00:00:00,16,202516,25_Apr,202504,2025_Q2,2,2025
2025-04-18 00:00:00,16,202516,25_Apr,202504,2025_Q2,2,2025
2025-04-19 00:00:00,16,202516,25_Apr,202504,2025_Q2,2,2025
2025-04-20 00:00:00,16,202516,25_Apr,202504,2025_Q2,2,2025
2025-04-21 00:00:00,17,202517,25_Apr,202504,2025_Q2,2,2025
2025-04-22 00:00:00,17,202517,25_Apr,202504,2025_Q2,2,2025
2025-04-23 00:00:00,17,202517,25_Apr,202504,2025_Q2,2,2025
2025-04-24 00:00:00,17,202517,25_Apr,202504,2025_Q2,2,2025
2025-04-25 00:00:00,17,202517,25_Apr,202504,2025_Q2,2,2025
2025-04-26 00:00:00,17,202517,25_Apr,202504,2025_Q2,2,2025
2025-04-27 00:00:00,17,202517,25_Apr,202504,2025_Q2,2,2025
2025-04-28 00:00:00,18,202518,25_Apr,202504,2025_Q2,2,2025
2025-04-29 00:00:00,18,202518,25_Apr,202504,2025_Q2,2,2025
2025-04-30 00:00:00,18,202518,25_Apr,202504,2025_Q2,2,2025
2025-05-01 00:00:00,18,202518,25_May,202505,2025_Q2,2,2025
2025-05-02 00:00:00,18,202518,25_May,202505,2025_Q2,2,2025
2025-05-03 00:00:00,18,202518,25_May,202505,2025_Q2,2,2025
2025-05-04 00:00:00,18,202518,25_May,202505,2025_Q2,2,2025
2025-05-05 00:00:00,19,202519,25_May,202505,2025_Q2,2,2025
2025-05-06 00:00:00,19,202519,25_May,202505,2025_Q2,2,2025
2025-05-07 00:00:00,19,202519,25_May,202505,2025_Q2,2,2025
2025-05-08 00:00:00,19,202519,25_May,202505,2025_Q2,2,2025
2025-05-09 00:00:00,19,202519,25_May,202505,2025_Q2,2,2025
2025-05-10 00:00:00,19,202519,25_May,202505,2025_Q2,2,2025
2025-05-11 00:00:00,19,202519,25_May,202505,2025_Q2,2,2025
2025-05-12 00:00:00,20,202520,25_May,202505,2025_Q2,2,2025
2025-05-13 00:00:00,20,202520,25_May,202505,2025_Q2,2,2025
2025-05-14 00:00:00,20,202520,25_May,202505,2025_Q2,2,2025
2025-05-15 00:00:00,20,202520,25_May,202505,2025_Q2,2,2025
2025-05-16 00:00:00,20,202520,25_May,202505,2025_Q2,2,2025
2025-05-17 00:00:00,20,202520,25_May,202505,2025_Q2,2,2025
2025-05-18 00:00:00,20,202520,25_May,202505,2025_Q2,2,2025
2025-05-19 00:00:00,21,202521,25_May,202505,2025_Q2,2,2025
2025-05-20 00:00:00,21,202521,25_May,202505,2025_Q2,2,2025
2025-05-21 00:00:00,21,202521,25_May,202505,2025_Q2,2,2025
2025-05-22 00:00:00,21,202521,25_May,202505,2025_Q2,2,2025
2025-05-23 00:00:00,21,202521,25_May,202505,2025_Q2,2,2025
2025-05-24 00:00:00,21,202521,25_May,202505,2025_Q2,2,2025
2025-05-25 00:00:00,21,202521,25_May,202505,2025_Q2,2,2025
2025-05-26 00:00:00,22,202522,25_May,202505,2025_Q2,2,2025
2025-05-27 00:00:00,22,202522,25_May,202505,2025_Q2,2,2025
2025-05-28 00:00:00,22,202522,25_May,202505,2025_Q2,2,2025
2025-05-29 00:00:00,22,202522,25_May,202505,2025_Q2,2,2025
2025-05-30 00:00:00,22,202522,25_May,202505,2025_Q2,2,2025
2025-05-31 00:00:00,22,202522,25_May,202505,2025_Q2,2,2025
2025-06-01 00:00:00,22,202522,25_Jun,202506,2025_Q2,2,2025
2025-06-02 00:00:00,23,202523,25_Jun,202506,2025_Q2,2,2025
2025-06-03 00:00:00,23,202523,25_Jun,202506,2025_Q2,2,2025
2025-06-04 00:00:00,23,202523,25_Jun,202506,2025_Q2,2,2025
2025-06-05 00:00:00,23,202523,25_Jun,202506,2025_Q2,2,2025
2025-06-06 00:00:00,23,202523,25_Jun,202506,2025_Q2,2,2025
2025-06-07 00:00:00,23,202523,25_Jun,202506,2025_Q2,2,2025
2025-06-08 00:00:00,23,202523,25_Jun,202506,2025_Q2,2,2025
2025-06-09 00:00:00,24,202524,25_Jun,202506,2025_Q2,2,2025
2025-06-10 00:00:00,24,202524,25_Jun,202506,2025_Q2,2,2025
2025-06-11 00:00:00,24,202524,25_Jun,202506,2025_Q2,2,2025
2025-06-12 00:00:00,24,202524,25_Jun,202506,2025_Q2,2,2025
2025-06-13 00:00:00,24,202524,25_Jun,202506,2025_Q2,2,2025
2025-06-14 00:00:00,24,202524,25_Jun,202506,2025_Q2,2,2025
2025-06-15 00:00:00,24,202524,25_Jun,202506,2025_Q2,2,2025
2025-06-16 00:00:00,25,202525,25_Jun,202506,2025_Q2,2,2025
2025-06-17 00:00:00,25,202525,25_Jun,202506,2025_Q2,2,2025
2025-06-18 00:00:00,25,202525,25_Jun,202506,2025_Q2,2,2025
2025-06-19 00:00:00,25,202525,25_Jun,202506,2025_Q2,2,2025
2025-06-20 00:00:00,25,202525,25_Jun,202506,2025_Q2,2,2025
2025-06-21 00:00:00,25,202525,25_Jun,202506,2025_Q2,2,2025
2025-06-22 00:00:00,25,202525,25_Jun,202506,2025_Q2,2,2025
2025-06-23 00:00:00,26,202526,25_Jun,202506,2025_Q2,2,2025
2025-06-24 00:00:00,26,202526,25_Jun,202506,2025_Q2,2,2025
2025-06-25 00:00:00,26,202526,25_Jun,202506,2025_Q2,2,2025
2025-06-26 00:00:00,26,202526,25_Jun,202506,2025_Q2,2,2025
2025-06-27 00:00:00,26,202526,25_Jun,202506,2025_Q2,2,2025
2025-06-28 00:00:00,26,202526,25_Jun,202506,2025_Q2,2,2025
2025-06-29 00:00:00,26,202526,25_Jun,202506,2025_Q2,2,2025
2025-06-30 00:00:00,27,202527,25_Jun,202506,2025_Q2,2,2025
2025-07-01 00:00:00,27,202527,25_Jul,202507,2025_Q3,3,2025
2025-07-02 00:00:00,27,202527,25_Jul,202507,2025_Q3,3,2025
2025-07-03 00:00:00,27,202527,25_Jul,202507,2025_Q3,3,2025
2025-07-04 00:00:00,27,202527,25_Jul,202507,2025_Q3,3,2025
2025-07-05 00:00:00,27,202527,25_Jul,202507,2025_Q3,3,2025
2025-07-06 00:00:00,27,202527,25_Jul,202507,2025_Q3,3,2025
2025-07-07 00:00:00,28,202528,25_Jul,202507,2025_Q3,3,2025
2025-07-08 00:00:00,28,202528,25_Jul,202507,2025_Q3,3,2025
2025-07-09 00:00:00,28,202528,25_Jul,202507,2025_Q3,3,2025
2025-07-10 00:00:00,28,202528,25_Jul,202507,2025_Q3,3,2025
2025-07-11 00:00:00,28,202528,25_Jul,202507,2025_Q3,3,2025
2025-07-12 00:00:00,28,202528,25_Jul,202507,2025_Q3,3,2025
2025-07-13 00:00:00,28,202528,25_Jul,202507,2025_Q3,3,2025
2025-07-14 00:00:00,29,202529,25_Jul,202507,2025_Q3,3,2025
2025-07-15 00:00:00,29,202529,25_Jul,202507,2025_Q3,3,2025
2025-07-16 00:00:00,29,202529,25_Jul,202507,2025_Q3,3,2025
2025-07-17 00:00:00,29,202529,25_Jul,202507,2025_Q3,3,2025
2025-07-18 00:00:00,29,202529,25_Jul,202507,2025_Q3,3,2025
2025-07-19 00:00:00,29,202529,25_Jul,202507,2025_Q3,3,2025
2025-07-20 00:00:00,29,202529,25_Jul,202507,2025_Q3,3,2025
2025-07-21 00:00:00,30,202530,25_Jul,202507,2025_Q3,3,2025
2025-07-22 00:00:00,30,202530,25_Jul,202507,2025_Q3,3,2025
2025-07-23 00:00:00,30,202530,25_Jul,202507,2025_Q3,3,2025
2025-07-24 00:00:00,30,202530,25_Jul,202507,2025_Q3,3,2025
2025-07-25 00:00:00,30,202530,25_Jul,202507,2025_Q3,3,2025
2025-07-26 00:00:00,30,202530,25_Jul,202507,2025_Q3,3,2025
2025-07-27 00:00:00,30,202530,25_Jul,202507,2025_Q3,3,2025
2025-07-28 00:00:00,31,202531,25_Jul,202507,2025_Q3,3,2025
2025-07-29 00:00:00,31,202531,25_Jul,202507,2025_Q3,3,2025
2025-07-30 00:00:00,31,202531,25_Jul,202507,2025_Q3,3,2025
2025-07-31 00:00:00,31,202531,25_Jul,202507,2025_Q3,3,2025
2025-08-01 00:00:00,31,202531,25_Aug,202508,2025_Q3,3,2025
2025-08-02 00:00:00,31,202531,25_Aug,202508,2025_Q3,3,2025
2025-08-03 00:00:00,31,202531,25_Aug,202508,2025_Q3,3,2025
2025-08-04 00:00:00,32,202532,25_Aug,202508,2025_Q3,3,2025
2025-08-05 00:00:00,32,202532,25_Aug,202508,2025_Q3,3,2025
2025-08-06 00:00:00,32,202532,25_Aug,202508,2025_Q3,3,2025
2025-08-07 00:00:00,32,202532,25_Aug,202508,2025_Q3,3,2025
2025-08-08 00:00:00,32,202532,25_Aug,202508,2025_Q3,3,2025
2025-08-09 00:00:00,32,202532,25_Aug,202508,2025_Q3,3,2025
2025-08-10 00:00:00,32,202532,25_Aug,202508,2025_Q3,3,2025
2025-08-11 00:00:00,33,202533,25_Aug,202508,2025_Q3,3,2025
2025-08-12 00:00:00,33,202533,25_Aug,202508,2025_Q3,3,2025
2025-08-13 00:00:00,33,202533,25_Aug,202508,2025_Q3,3,2025
2025-08-14 00:00:00,33,202533,25_Aug,202508,2025_Q3,3,2025
2025-08-15 00:00:00,33,202533,25_Aug,202508,2025_Q3,3,2025
2025-08-16 00:00:00,33,202533,25_Aug,202508,2025_Q3,3,2025
2025-08-17 00:00:00,33,202533,25_Aug,202508,2025_Q3,3,2025
2025-08-18 00:00:00,34,202534,25_Aug,202508,2025_Q3,3,2025
2025-08-19 00:00:00,34,202534,25_Aug,202508,2025_Q3,3,2025
2025-08-20 00:00:00,34,202534,25_Aug,202508,2025_Q3,3,2025
2025-08-21 00:00:00,34,202534,25_Aug,202508,2025_Q3,3,2025
2025-08-22 00:00:00,34,202534,25_Aug,202508,2025_Q3,3,2025
2025-08-23 00:00:00,34,202534,25_Aug,202508,2025_Q3,3,2025
2025-08-24 00:00:00,34,202534,25_Aug,202508,2025_Q3,3,2025
2025-08-25 00:00:00,35,202535,25_Aug,202508,2025_Q3,3,2025
2025-08-26 00:00:00,35,202535,25_Aug,202508,2025_Q3,3,2025
2025-08-27 00:00:00,35,202535,25_Aug,202508,2025_Q3,3,2025
2025-08-28 00:00:00,35,202535,25_Aug,202508,2025_Q3,3,2025
2025-08-29 00:00:00,35,202535,25_Aug,202508,2025_Q3,3,2025
2025-08-30 00:00:00,35,202535,25_Aug,202508,2025_Q3,3,2025
2025-08-31 00:00:00,35,202535,25_Aug,202508,2025_Q3,3,2025
2025-09-01 00:00:00,36,202536,25_Sep,202509,2025_Q3,3,2025
2025-09-02 00:00:00,36,202536,25_Sep,202509,2025_Q3,3,2025
2025-09-03 00:00:00,36,202536,25_Sep,202509,2025_Q3,3,2025
2025-09-04 00:00:00,36,202536,25_Sep,202509,2025_Q3,3,2025
2025-09-05 00:00:00,36,202536,25_Sep,202509,2025_Q3,3,2025
2025-09-06 00:00:00,36,202536,25_Sep,202509,2025_Q3,3,2025
2025-09-07 00:00:00,36,202536,25_Sep,202509,2025_Q3,3,2025
2025-09-08 00:00:00,37,202537,25_Sep,202509,2025_Q3,3,2025
2025-09-09 00:00:00,37,202537,25_Sep,202509,2025_Q3,3,2025
2025-09-10 00:00:00,37,202537,25_Sep,202509,2025_Q3,3,2025
2025-09-11 00:00:00,37,202537,25_Sep,202509,2025_Q3,3,2025
2025-09-12 00:00:00,37,202537,25_Sep,202509,2025_Q3,3,2025
2025-09-13 00:00:00,37,202537,25_Sep,202509,2025_Q3,3,2025
2025-09-14 00:00:00,37,202537,25_Sep,202509,2025_Q3,3,2025
2025-09-15 00:00:00,38,202538,25_Sep,202509,2025_Q3,3,2025
2025-09-16 00:00:00,38,202538,25_Sep,202509,2025_Q3,3,2025
2025-09-17 00:00:00,38,202538,25_Sep,202509,2025_Q3,3,2025
2025-09-18 00:00:00,38,202538,25_Sep,202509,2025_Q3,3,2025
2025-09-19 00:00:00,38,202538,25_Sep,202509,2025_Q3,3,2025
2025-09-20 00:00:00,38,202538,25_Sep,202509,2025_Q3,3,2025
2025-09-21 00:00:00,38,202538,25_Sep,202509,2025_Q3,3,2025
2025-09-22 00:00:00,39,202539,25_Sep,202509,2025_Q3,3,2025
2025-09-23 00:00:00,39,202539,25_Sep,202509,2025_Q3,3,2025
2025-09-24 00:00:00,39,202539,25_Sep,202509,2025_Q3,3,2025
2025-09-25 00:00:00,39,202539,25_Sep,202509,2025_Q3,3,2025
2025-09-26 00:00:00,39,202539,25_Sep,202509,2025_Q3,3,2025
2025-09-27 00:00:00,39,202539,25_Sep,202509,2025_Q3,3,2025
2025-09-28 00:00:00,39,202539,25_Sep,202509,2025_Q3,3,2025
2025-09-29 00:00:00,40,202540,25_Sep,202509,2025_Q3,3,2025
2025-09-30 00:00:00,40,202540,25_Sep,202509,2025_Q3,3,2025
2025-10-01 00:00:00,40,202540,25_Oct,202510,2025_Q4,4,2025
2025-10-02 00:00:00,40,202540,25_Oct,202510,2025_Q4,4,2025
2025-10-03 00:00:00,40,202540,25_Oct,202510,2025_Q4,4,2025
2025-10-04 00:00:00,40,202540,25_Oct,202510,2025_Q4,4,2025
2025-10-05 00:00:00,40,202540,25_Oct,202510,2025_Q4,4,2025
2025-10-06 00:00:00,41,202541,25_Oct,202510,2025_Q4,4,2025
2025-10-07 00:00:00,41,202541,25_Oct,202510,2025_Q4,4,2025
2025-10-08 00:00:00,41,202541,25_Oct,202510,2025_Q4,4,2025
2025-10-09 00:00:00,41,202541,25_Oct,202510,2025_Q4,4,2025
2025-10-10 00:00:00,41,202541,25_Oct,202510,2025_Q4,4,2025
2025-10-11 00:00:00,41,202541,25_Oct,202510,2025_Q4,4,2025
2025-10-12 00:00:00,41,202541,25_Oct,202510,2025_Q4,4,2025
2025-10-13 00:00:00,42,202542,25_Oct,202510,2025_Q4,4,2025
2025-10-14 00:00:00,42,202542,25_Oct,202510,2025_Q4,4,2025
2025-10-15 00:00:00,42,202542,25_Oct,202510,2025_Q4,4,2025
2025-10-16 00:00:00,42,202542,25_Oct,202510,2025_Q4,4,2025
2025-10-17 00:00:00,42,202542,25_Oct,202510,2025_Q4,4,2025
2025-10-18 00:00:00,42,202542,25_Oct,202510,2025_Q4,4,2025
2025-10-19 00:00:00,42,202542,25_Oct,202510,2025_Q4,4,2025
2025-10-20 00:00:00,43,202543,25_Oct,202510,2025_Q4,4,2025
2025-10-21 00:00:00,43,202543,25_Oct,202510,2025_Q4,4,2025
2025-10-22 00:00:00,43,202543,25_Oct,202510,2025_Q4,4,2025
2025-10-23 00:00:00,43,202543,25_Oct,202510,2025_Q4,4,2025
2025-10-24 00:00:00,43,202543,25_Oct,202510,2025_Q4,4,2025
2025-10-25 00:00:00,43,202543,25_Oct,202510,2025_Q4,4,2025
2025-10-26 00:00:00,43,202543,25_Oct,202510,2025_Q4,4,2025
2025-10-27 00:00:00,44,202544,25_Oct,202510,2025_Q4,4,2025
2025-10-28 00:00:00,44,202544,25_Oct,202510,2025_Q4,4,2025
2025-10-29 00:00:00,44,202544,25_Oct,202510,2025_Q4,4,2025
2025-10-30 00:00:00,44,202544,25_Oct,202510,2025_Q4,4,2025
2025-10-31 00:00:00,44,202544,25_Oct,202510,2025_Q4,4,2025
2025-11-01 00:00:00,44,202544,25_Nov,202511,2025_Q4,4,2025
2025-11-02 00:00:00,44,202544,25_Nov,202511,2025_Q4,4,2025
2025-11-03 00:00:00,45,202545,25_Nov,202511,2025_Q4,4,2025
2025-11-04 00:00:00,45,202545,25_Nov,202511,2025_Q4,4,2025
2025-11-05 00:00:00,45,202545,25_Nov,202511,2025_Q4,4,2025
2025-11-06 00:00:00,45,202545,25_Nov,202511,2025_Q4,4,2025
2025-11-07 00:00:00,45,202545,25_Nov,202511,2025_Q4,4,2025
2025-11-08 00:00:00,45,202545,25_Nov,202511,2025_Q4,4,2025
2025-11-09 00:00:00,45,202545,25_Nov,202511,2025_Q4,4,2025
2025-11-10 00:00:00,46,202546,25_Nov,202511,2025_Q4,4,2025
2025-11-11 00:00:00,46,202546,25_Nov,202511,2025_Q4,4,2025
2025-11-12 00:00:00,46,202546,25_Nov,202511,2025_Q4,4,2025
2025-11-13 00:00:00,46,202546,25_Nov,202511,2025_Q4,4,2025
2025-11-14 00:00:00,46,202546,25_Nov,202511,2025_Q4,4,2025
2025-11-15 00:00:00,46,202546,25_Nov,202511,2025_Q4,4,2025
2025-11-16 00:00:00,46,202546,25_Nov,202511,2025_Q4,4,2025
2025-11-17 00:00:00,47,202547,25_Nov,202511,2025_Q4,4,2025
2025-11-18 00:00:00,47,202547,25_Nov,202511,2025_Q4,4,2025
2025-11-19 00:00:00,47,202547,25_Nov,202511,2025_Q4,4,2025
2025-11-20 00:00:00,47,202547,25_Nov,202511,2025_Q4,4,2025
2025-11-21 00:00:00,47,202547,25_Nov,202511,2025_Q4,4,2025
2025-11-22 00:00:00,47,202547,25_Nov,202511,2025_Q4,4,2025
2025-11-23 00:00:00,47,202547,25_Nov,202511,2025_Q4,4,2025
2025-11-24 00:00:00,48,202548,25_Nov,202511,2025_Q4,4,2025
2025-11-25 00:00:00,48,202548,25_Nov,202511,2025_Q4,4,2025
2025-11-26 00:00:00,48,202548,25_Nov,202511,2025_Q4,4,2025
2025-11-27 00:00:00,48,202548,25_Nov,202511,2025_Q4,4,2025
2025-11-28 00:00:00,48,202548,25_Nov,202511,2025_Q4,4,2025
2025-11-29 00:00:00,48,202548,25_Nov,202511,2025_Q4,4,2025
2025-11-30 00:00:00,48,202548,25_Nov,202511,2025_Q4,4,2025
2025-12-01 00:00:00,49,202549,25_Dec,202512,2025_Q4,4,2025
2025-12-02 00:00:00,49,202549,25_Dec,202512,2025_Q4,4,2025
2025-12-03 00:00:00,49,202549,25_Dec,202512,2025_Q4,4,2025
2025-12-04 00:00:00,49,202549,25_Dec,202512,2025_Q4,4,2025
2025-12-05 00:00:00,49,202549,25_Dec,202512,2025_Q4,4,2025
2025-12-06 00:00:00,49,202549,25_Dec,202512,2025_Q4,4,2025
2025-12-07 00:00:00,49,202549,25_Dec,202512,2025_Q4,4,2025
2025-12-08 00:00:00,50,202550,25_Dec,202512,2025_Q4,4,2025
2025-12-09 00:00:00,50,202550,25_Dec,202512,2025_Q4,4,2025
2025-12-10 00:00:00,50,202550,25_Dec,202512,2025_Q4,4,2025
2025-12-11 00:00:00,50,202550,25_Dec,202512,2025_Q4,4,2025
2025-12-12 00:00:00,50,202550,25_Dec,202512,2025_Q4,4,2025
2025-12-13 00:00:00,50,202550,25_Dec,202512,2025_Q4,4,2025
2025-12-14 00:00:00,50,202550,25_Dec,202512,2025_Q4,4,2025
2025-12-15 00:00:00,51,202551,25_Dec,202512,2025_Q4,4,2025
2025-12-16 00:00:00,51,202551,25_Dec,202512,2025_Q4,4,2025
2025-12-17 00:00:00,51,202551,25_Dec,202512,2025_Q4,4,2025
2025-12-18 00:00:00,51,202551,25_Dec,202512,2025_Q4,4,2025
2025-12-19 00:00:00,51,202551,25_Dec,202512,2025_Q4,4,2025
2025-12-20 00:00:00,51,202551,25_Dec,202512,2025_Q4,4,2025
2025-12-21 00:00:00,51,202551,25_Dec,202512,2025_Q4,4,2025
2025-12-22 00:00:00,52,202552,25_Dec,202512,2025_Q4,4,2025
2025-12-23 00:00:00,52,202552,25_Dec,202512,2025_Q4,4,2025
2025-12-24 00:00:00,52,202552,25_Dec,202512,2025_Q4,4,2025
2025-12-25 00:00:00,52,202552,25_Dec,202512,2025_Q4,4,2025
2025-12-26 00:00:00,52,202552,25_Dec,202512,2025_Q4,4,2025
2025-12-27 00:00:00,52,202552,25_Dec,202512,2025_Q4,4,2025
2025-12-28 00:00:00,52,202552,25_Dec,202512,2025_Q4,4,2025
2025-12-29 00:00:00,1,202501,25_Dec,202512,2025_Q4,4,2025
2025-12-30 00:00:00,1,202501,25_Dec,202512,2025_Q4,4,2025
2025-12-31 00:00:00,1,202501,25_Dec,202512,2025_Q4,4,2025
2026-01-01 00:00:00,1,202601,26_Jan,202601,2026_Q1,1,2026
2026-01-02 00:00:00,1,202601,26_Jan,202601,2026_Q1,1,2026
2026-01-03 00:00:00,1,202601,26_Jan,202601,2026_Q1,1,2026
2026-01-04 00:00:00,1,202601,26_Jan,202601,2026_Q1,1,2026
2026-01-05 00:00:00,2,202602,26_Jan,202601,2026_Q1,1,2026
2026-01-06 00:00:00,2,202602,26_Jan,202601,2026_Q1,1,2026
2026-01-07 00:00:00,2,202602,26_Jan,202601,2026_Q1,1,2026
2026-01-08 00:00:00,2,202602,26_Jan,202601,2026_Q1,1,2026
2026-01-09 00:00:00,2,202602,26_Jan,202601,2026_Q1,1,2026
2026-01-10 00:00:00,2,202602,26_Jan,202601,2026_Q1,1,2026
2026-01-11 00:00:00,2,202602,26_Jan,202601,2026_Q1,1,2026
2026-01-12 00:00:00,3,202603,26_Jan,202601,2026_Q1,1,2026
2026-01-13 00:00:00,3,202603,26_Jan,202601,2026_Q1,1,2026
2026-01-14 00:00:00,3,202603,26_Jan,202601,2026_Q1,1,2026
2026-01-15 00:00:00,3,202603,26_Jan,202601,2026_Q1,1,2026
2026-01-16 00:00:00,3,202603,26_Jan,202601,2026_Q1,1,2026
2026-01-17 00:00:00,3,202603,26_Jan,202601,2026_Q1,1,2026
2026-01-18 00:00:00,3,202603,26_Jan,202601,2026_Q1,1,2026
2026-01-19 00:00:00,4,202604,26_Jan,202601,2026_Q1,1,2026
2026-01-20 00:00:00,4,202604,26_Jan,202601,2026_Q1,1,2026
2026-01-21 00:00:00,4,202604,26_Jan,202601,2026_Q1,1,2026
2026-01-22 00:00:00,4,202604,26_Jan,202601,2026_Q1,1,2026
2026-01-23 00:00:00,4,202604,26_Jan,202601,2026_Q1,1,2026
2026-01-24 00:00:00,4,202604,26_Jan,202601,2026_Q1,1,2026
2026-01-25 00:00:00,4,202604,26_Jan,202601,2026_Q1,1,2026
2026-01-26 00:00:00,5,202605,26_Jan,202601,2026_Q1,1,2026
2026-01-27 00:00:00,5,202605,26_Jan,202601,2026_Q1,1,2026
2026-01-28 00:00:00,5,202605,26_Jan,202601,2026_Q1,1,2026
2026-01-29 00:00:00,5,202605,26_Jan,202601,2026_Q1,1,2026
2026-01-30 00:00:00,5,202605,26_Jan,202601,2026_Q1,1,2026
2026-01-31 00:00:00,5,202605,26_Jan,202601,2026_Q1,1,2026
2026-02-01 00:00:00,5,202605,26_Feb,202602,2026_Q1,1,2026
2026-02-02 00:00:00,6,202606,26_Feb,202602,2026_Q1,1,2026
2026-02-03 00:00:00,6,202606,26_Feb,202602,2026_Q1,1,2026
2026-02-04 00:00:00,6,202606,26_Feb,202602,2026_Q1,1,2026
2026-02-05 00:00:00,6,202606,26_Feb,202602,2026_Q1,1,2026
2026-02-06 00:00:00,6,202606,26_Feb,202602,2026_Q1,1,2026
2026-02-07 00:00:00,6,202606,26_Feb,202602,2026_Q1,1,2026
2026-02-08 00:00:00,6,202606,26_Feb,202602,2026_Q1,1,2026
2026-02-09 00:00:00,7,202607,26_Feb,202602,2026_Q1,1,2026
2026-02-10 00:00:00,7,202607,26_Feb,202602,2026_Q1,1,2026
2026-02-11 00:00:00,7,202607,26_Feb,202602,2026_Q1,1,2026
2026-02-12 00:00:00,7,202607,26_Feb,202602,2026_Q1,1,2026
2026-02-13 00:00:00,7,202607,26_Feb,202602,2026_Q1,1,2026
2026-02-14 00:00:00,7,202607,26_Feb,202602,2026_Q1,1,2026
2026-02-15 00:00:00,7,202607,26_Feb,202602,2026_Q1,1,2026
2026-02-16 00:00:00,8,202608,26_Feb,202602,2026_Q1,1,2026
2026-02-17 00:00:00,8,202608,26_Feb,202602,2026_Q1,1,2026
2026-02-18 00:00:00,8,202608,26_Feb,202602,2026_Q1,1,2026
2026-02-19 00:00:00,8,202608,26_Feb,202602,2026_Q1,1,2026
2026-02-20 00:00:00,8,202608,26_Feb,202602,2026_Q1,1,2026
2026-02-21 00:00:00,8,202608,26_Feb,202602,2026_Q1,1,2026
2026-02-22 00:00:00,8,202608,26_Feb,202602,2026_Q1,1,2026
2026-02-23 00:00:00,9,202609,26_Feb,202602,2026_Q1,1,2026
2026-02-24 00:00:00,9,202609,26_Feb,202602,2026_Q1,1,2026
2026-02-25 00:00:00,9,202609,26_Feb,202602,2026_Q1,1,2026
2026-02-26 00:00:00,9,202609,26_Feb,202602,2026_Q1,1,2026
2026-02-27 00:00:00,9,202609,26_Feb,202602,2026_Q1,1,2026
2026-02-28 00:00:00,9,202609,26_Feb,202602,2026_Q1,1,2026
2026-03-01 00:00:00,9,202609,26_Mar,202603,2026_Q1,1,2026
2026-03-02 00:00:00,10,202610,26_Mar,202603,2026_Q1,1,2026
2026-03-03 00:00:00,10,202610,26_Mar,202603,2026_Q1,1,2026
2026-03-04 00:00:00,10,202610,26_Mar,202603,2026_Q1,1,2026
2026-03-05 00:00:00,10,202610,26_Mar,202603,2026_Q1,1,2026
2026-03-06 00:00:00,10,202610,26_Mar,202603,2026_Q1,1,2026
2026-03-07 00:00:00,10,202610,26_Mar,202603,2026_Q1,1,2026
2026-03-08 00:00:00,10,202610,26_Mar,202603,2026_Q1,1,2026
2026-03-09 00:00:00,11,202611,26_Mar,202603,2026_Q1,1,2026
2026-03-10 00:00:00,11,202611,26_Mar,202603,2026_Q1,1,2026
2026-03-11 00:00:00,11,202611,26_Mar,202603,2026_Q1,1,2026
2026-03-12 00:00:00,11,202611,26_Mar,202603,2026_Q1,1,2026
2026-03-13 00:00:00,11,202611,26_Mar,202603,2026_Q1,1,2026
2026-03-14 00:00:00,11,202611,26_Mar,202603,2026_Q1,1,2026
2026-03-15 00:00:00,11,202611,26_Mar,202603,2026_Q1,1,2026
2026-03-16 00:00:00,12,202612,26_Mar,202603,2026_Q1,1,2026
2026-03-17 00:00:00,12,202612,26_Mar,202603,2026_Q1,1,2026
2026-03-18 00:00:00,12,202612,26_Mar,202603,2026_Q1,1,2026
2026-03-19 00:00:00,12,202612,26_Mar,202603,2026_Q1,1,2026
2026-03-20 00:00:00,12,202612,26_Mar,202603,2026_Q1,1,2026
2026-03-21 00:00:00,12,202612,26_Mar,202603,2026_Q1,1,2026
2026-03-22 00:00:00,12,202612,26_Mar,202603,2026_Q1,1,2026
2026-03-23 00:00:00,13,202613,26_Mar,202603,2026_Q1,1,2026
2026-03-24 00:00:00,13,202613,26_Mar,202603,2026_Q1,1,2026
2026-03-25 00:00:00,13,202613,26_Mar,202603,2026_Q1,1,2026
2026-03-26 00:00:00,13,202613,26_Mar,202603,2026_Q1,1,2026
2026-03-27 00:00:00,13,202613,26_Mar,202603,2026_Q1,1,2026
2026-03-28 00:00:00,13,202613,26_Mar,202603,2026_Q1,1,2026
2026-03-29 00:00:00,13,202613,26_Mar,202603,2026_Q1,1,2026
2026-03-30 00:00:00,14,202614,26_Mar,202603,2026_Q1,1,2026
2026-03-31 00:00:00,14,202614,26_Mar,202603,2026_Q1,1,2026
2026-04-01 00:00:00,14,202614,26_Apr,202604,2026_Q2,2,2026
2026-04-02 00:00:00,14,202614,26_Apr,202604,2026_Q2,2,2026
2026-04-03 00:00:00,14,202614,26_Apr,202604,2026_Q2,2,2026
2026-04-04 00:00:00,14,202614,26_Apr,202604,2026_Q2,2,2026
2026-04-05 00:00:00,14,202614,26_Apr,202604,2026_Q2,2,2026
2026-04-06 00:00:00,15,202615,26_Apr,202604,2026_Q2,2,2026
2026-04-07 00:00:00,15,202615,26_Apr,202604,2026_Q2,2,2026
2026-04-08 00:00:00,15,202615,26_Apr,202604,2026_Q2,2,2026
2026-04-09 00:00:00,15,202615,26_Apr,202604,2026_Q2,2,2026
2026-04-10 00:00:00,15,202615,26_Apr,202604,2026_Q2,2,2026
2026-04-11 00:00:00,15,202615,26_Apr,202604,2026_Q2,2,2026
2026-04-12 00:00:00,15,202615,26_Apr,202604,2026_Q2,2,2026
2026-04-13 00:00:00,16,202616,26_Apr,202604,2026_Q2,2,2026
2026-04-14 00:00:00,16,202616,26_Apr,202604,2026_Q2,2,2026
2026-04-15 00:00:00,16,202616,26_Apr,202604,2026_Q2,2,2026
2026-04-16 00:00:00,16,202616,26_Apr,202604,2026_Q2,2,2026
2026-04-17 00:00:00,16,202616,26_Apr,202604,2026_Q2,2,2026
2026-04-18 00:00:00,16,202616,26_Apr,202604,2026_Q2,2,2026
2026-04-19 00:00:00,16,202616,26_Apr,202604,2026_Q2,2,2026
2026-04-20 00:00:00,17,202617,26_Apr,202604,2026_Q2,2,2026
2026-04-21 00:00:00,17,202617,26_Apr,202604,2026_Q2,2,2026
2026-04-22 00:00:00,17,202617,26_Apr,202604,2026_Q2,2,2026
2026-04-23 00:00:00,17,202617,26_Apr,202604,2026_Q2,2,2026
2026-04-24 00:00:00,17,202617,26_Apr,202604,2026_Q2,2,2026
2026-04-25 00:00:00,17,202617,26_Apr,202604,2026_Q2,2,2026
2026-04-26 00:00:00,17,202617,26_Apr,202604,2026_Q2,2,2026
2026-04-27 00:00:00,18,202618,26_Apr,202604,2026_Q2,2,2026
2026-04-28 00:00:00,18,202618,26_Apr,202604,2026_Q2,2,2026
2026-04-29 00:00:00,18,202618,26_Apr,202604,2026_Q2,2,2026
2026-04-30 00:00:00,18,202618,26_Apr,202604,2026_Q2,2,2026
2026-05-01 00:00:00,18,202618,26_May,202605,2026_Q2,2,2026
2026-05-02 00:00:00,18,202618,26_May,202605,2026_Q2,2,2026
2026-05-03 00:00:00,18,202618,26_May,202605,2026_Q2,2,2026
2026-05-04 00:00:00,19,202619,26_May,202605,2026_Q2,2,2026
2026-05-05 00:00:00,19,202619,26_May,202605,2026_Q2,2,2026
2026-05-06 00:00:00,19,202619,26_May,202605,2026_Q2,2,2026
2026-05-07 00:00:00,19,202619,26_May,202605,2026_Q2,2,2026
2026-05-08 00:00:00,19,202619,26_May,202605,2026_Q2,2,2026
2026-05-09 00:00:00,19,202619,26_May,202605,2026_Q2,2,2026
2026-05-10 00:00:00,19,202619,26_May,202605,2026_Q2,2,2026
2026-05-11 00:00:00,20,202620,26_May,202605,2026_Q2,2,2026
2026-05-12 00:00:00,20,202620,26_May,202605,2026_Q2,2,2026
2026-05-13 00:00:00,20,202620,26_May,202605,2026_Q2,2,2026
2026-05-14 00:00:00,20,202620,26_May,202605,2026_Q2,2,2026
2026-05-15 00:00:00,20,202620,26_May,202605,2026_Q2,2,2026
2026-05-16 00:00:00,20,202620,26_May,202605,2026_Q2,2,2026
2026-05-17 00:00:00,20,202620,26_May,202605,2026_Q2,2,2026
2026-05-18 00:00:00,21,202621,26_May,202605,2026_Q2,2,2026
2026-05-19 00:00:00,21,202621,26_May,202605,2026_Q2,2,2026
2026-05-20 00:00:00,21,202621,26_May,202605,2026_Q2,2,2026
2026-05-21 00:00:00,21,202621,26_May,202605,2026_Q2,2,2026
2026-05-22 00:00:00,21,202621,26_May,202605,2026_Q2,2,2026
2026-05-23 00:00:00,21,202621,26_May,202605,2026_Q2,2,2026
2026-05-24 00:00:00,21,202621,26_May,202605,2026_Q2,2,2026
2026-05-25 00:00:00,22,202622,26_May,202605,2026_Q2,2,2026
2026-05-26 00:00:00,22,202622,26_May,202605,2026_Q2,2,2026
2026-05-27 00:00:00,22,202622,26_May,202605,2026_Q2,2,2026
2026-05-28 00:00:00,22,202622,26_May,202605,2026_Q2,2,2026
2026-05-29 00:00:00,22,202622,26_May,202605,2026_Q2,2,2026
2026-05-30 00:00:00,22,202622,26_May,202605,2026_Q2,2,2026
2026-05-31 00:00:00,22,202622,26_May,202605,2026_Q2,2,2026
2026-06-01 00:00:00,23,202623,26_Jun,202606,2026_Q2,2,2026
2026-06-02 00:00:00,23,202623,26_Jun,202606,2026_Q2,2,2026
2026-06-03 00:00:00,23,202623,26_Jun,202606,2026_Q2,2,2026
2026-06-04 00:00:00,23,202623,26_Jun,202606,2026_Q2,2,2026
2026-06-05 00:00:00,23,202623,26_Jun,202606,2026_Q2,2,2026
2026-06-06 00:00:00,23,202623,26_Jun,202606,2026_Q2,2,2026
2026-06-07 00:00:00,23,202623,26_Jun,202606,2026_Q2,2,2026
2026-06-08 00:00:00,24,202624,26_Jun,202606,2026_Q2,2,2026
2026-06-09 00:00:00,24,202624,26_Jun,202606,2026_Q2,2,2026
2026-06-10 00:00:00,24,202624,26_Jun,202606,2026_Q2,2,2026
2026-06-11 00:00:00,24,202624,26_Jun,202606,2026_Q2,2,2026
2026-06-12 00:00:00,24,202624,26_Jun,202606,2026_Q2,2,2026
2026-06-13 00:00:00,24,202624,26_Jun,202606,2026_Q2,2,2026
2026-06-14 00:00:00,24,202624,26_Jun,202606,2026_Q2,2,2026
2026-06-15 00:00:00,25,202625,26_Jun,202606,2026_Q2,2,2026
2026-06-16 00:00:00,25,202625,26_Jun,202606,2026_Q2,2,2026
2026-06-17 00:00:00,25,202625,26_Jun,202606,2026_Q2,2,2026
2026-06-18 00:00:00,25,202625,26_Jun,202606,2026_Q2,2,2026
2026-06-19 00:00:00,25,202625,26_Jun,202606,2026_Q2,2,2026
2026-06-20 00:00:00,25,202625,26_Jun,202606,2026_Q2,2,2026
2026-06-21 00:00:00,25,202625,26_Jun,202606,2026_Q2,2,2026
2026-06-22 00:00:00,26,202626,26_Jun,202606,2026_Q2,2,2026
2026-06-23 00:00:00,26,202626,26_Jun,202606,2026_Q2,2,2026
2026-06-24 00:00:00,26,202626,26_Jun,202606,2026_Q2,2,2026
2026-06-25 00:00:00,26,202626,26_Jun,202606,2026_Q2,2,2026
2026-06-26 00:00:00,26,202626,26_Jun,202606,2026_Q2,2,2026
2026-06-27 00:00:00,26,202626,26_Jun,202606,2026_Q2,2,2026
2026-06-28 00:00:00,26,202626,26_Jun,202606,2026_Q2,2,2026
2026-06-29 00:00:00,27,202627,26_Jun,202606,2026_Q2,2,2026
2026-06-30 00:00:00,27,202627,26_Jun,202606,2026_Q2,2,2026
2026-07-01 00:00:00,27,202627,26_Jul,202607,2026_Q3,3,2026
2026-07-02 00:00:00,27,202627,26_Jul,202607,2026_Q3,3,2026
2026-07-03 00:00:00,27,202627,26_Jul,202607,2026_Q3,3,2026
2026-07-04 00:00:00,27,202627,26_Jul,202607,2026_Q3,3,2026
2026-07-05 00:00:00,27,202627,26_Jul,202607,2026_Q3,3,2026
2026-07-06 00:00:00,28,202628,26_Jul,202607,2026_Q3,3,2026
2026-07-07 00:00:00,28,202628,26_Jul,202607,2026_Q3,3,2026
2026-07-08 00:00:00,28,202628,26_Jul,202607,2026_Q3,3,2026
2026-07-09 00:00:00,28,202628,26_Jul,202607,2026_Q3,3,2026
2026-07-10 00:00:00,28,202628,26_Jul,202607,2026_Q3,3,2026
2026-07-11 00:00:00,28,202628,26_Jul,202607,2026_Q3,3,2026
2026-07-12 00:00:00,28,202628,26_Jul,202607,2026_Q3,3,2026
2026-07-13 00:00:00,29,202629,26_Jul,202607,2026_Q3,3,2026
2026-07-14 00:00:00,29,202629,26_Jul,202607,2026_Q3,3,2026
2026-07-15 00:00:00,29,202629,26_Jul,202607,2026_Q3,3,2026
2026-07-16 00:00:00,29,202629,26_Jul,202607,2026_Q3,3,2026
2026-07-17 00:00:00,29,202629,26_Jul,202607,2026_Q3,3,2026
2026-07-18 00:00:00,29,202629,26_Jul,202607,2026_Q3,3,2026
2026-07-19 00:00:00,29,202629,26_Jul,202607,2026_Q3,3,2026
2026-07-20 00:00:00,30,202630,26_Jul,202607,2026_Q3,3,2026
2026-07-21 00:00:00,30,202630,26_Jul,202607,2026_Q3,3,2026
2026-07-22 00:00:00,30,202630,26_Jul,202607,2026_Q3,3,2026
2026-07-23 00:00:00,30,202630,26_Jul,202607,2026_Q3,3,2026
2026-07-24 00:00:00,30,202630,26_Jul,202607,2026_Q3,3,2026
2026-07-25 00:00:00,30,202630,26_Jul,202607,2026_Q3,3,2026
2026-07-26 00:00:00,30,202630,26_Jul,202607,2026_Q3,3,2026
2026-07-27 00:00:00,31,202631,26_Jul,202607,2026_Q3,3,2026
2026-07-28 00:00:00,31,202631,26_Jul,202607,2026_Q3,3,2026
2026-07-29 00:00:00,31,202631,26_Jul,202607,2026_Q3,3,2026
2026-07-30 00:00:00,31,202631,26_Jul,202607,2026_Q3,3,2026
2026-07-31 00:00:00,31,202631,26_Jul,202607,2026_Q3,3,2026
2026-08-01 00:00:00,31,202631,26_Aug,202608,2026_Q3,3,2026
2026-08-02 00:00:00,31,202631,26_Aug,202608,2026_Q3,3,2026
2026-08-03 00:00:00,32,202632,26_Aug,202608,2026_Q3,3,2026
2026-08-04 00:00:00,32,202632,26_Aug,202608,2026_Q3,3,2026
2026-08-05 00:00:00,32,202632,26_Aug,202608,2026_Q3,3,2026
2026-08-06 00:00:00,32,202632,26_Aug,202608,2026_Q3,3,2026
2026-08-07 00:00:00,32,202632,26_Aug,202608,2026_Q3,3,2026
2026-08-08 00:00:00,32,202632,26_Aug,202608,2026_Q3,3,2026
2026-08-09 00:00:00,32,202632,26_Aug,202608,2026_Q3,3,2026
2026-08-10 00:00:00,33,202633,26_Aug,202608,2026_Q3,3,2026
2026-08-11 00:00:00,33,202633,26_Aug,202608,2026_Q3,3,2026
2026-08-12 00:00:00,33,202633,26_Aug,202608,2026_Q3,3,2026
2026-08-13 00:00:00,33,202633,26_Aug,202608,2026_Q3,3,2026
2026-08-14 00:00:00,33,202633,26_Aug,202608,2026_Q3,3,2026
2026-08-15 00:00:00,33,202633,26_Aug,202608,2026_Q3,3,2026
2026-08-16 00:00:00,33,202633,26_Aug,202608,2026_Q3,3,2026
2026-08-17 00:00:00,34,202634,26_Aug,202608,2026_Q3,3,2026
2026-08-18 00:00:00,34,202634,26_Aug,202608,2026_Q3,3,2026
2026-08-19 00:00:00,34,202634,26_Aug,202608,2026_Q3,3,2026
2026-08-20 00:00:00,34,202634,26_Aug,202608,2026_Q3,3,2026
2026-08-21 00:00:00,34,202634,26_Aug,202608,2026_Q3,3,2026
2026-08-22 00:00:00,34,202634,26_Aug,202608,2026_Q3,3,2026
2026-08-23 00:00:00,34,202634,26_Aug,202608,2026_Q3,3,2026
2026-08-24 00:00:00,35,202635,26_Aug,202608,2026_Q3,3,2026
2026-08-25 00:00:00,35,202635,26_Aug,202608,2026_Q3,3,2026
2026-08-26 00:00:00,35,202635,26_Aug,202608,2026_Q3,3,2026
2026-08-27 00:00:00,35,202635,26_Aug,202608,2026_Q3,3,2026
2026-08-28 00:00:00,35,202635,26_Aug,202608,2026_Q3,3,2026
2026-08-29 00:00:00,35,202635,26_Aug,202608,2026_Q3,3,2026
2026-08-30 00:00:00,35,202635,26_Aug,202608,2026_Q3,3,2026
2026-08-31 00:00:00,36,202636,26_Aug,202608,2026_Q3,3,2026
2026-09-01 00:00:00,36,202636,26_Sep,202609,2026_Q3,3,2026
2026-09-02 00:00:00,36,202636,26_Sep,202609,2026_Q3,3,2026
2026-09-03 00:00:00,36,202636,26_Sep,202609,2026_Q3,3,2026
2026-09-04 00:00:00,36,202636,26_Sep,202609,2026_Q3,3,2026
2026-09-05 00:00:00,36,202636,26_Sep,202609,2026_Q3,3,2026
2026-09-06 00:00:00,36,202636,26_Sep,202609,2026_Q3,3,2026
2026-09-07 00:00:00,37,202637,26_Sep,202609,2026_Q3,3,2026
2026-09-08 00:00:00,37,202637,26_Sep,202609,2026_Q3,3,2026
2026-09-09 00:00:00,37,202637,26_Sep,202609,2026_Q3,3,2026
2026-09-10 00:00:00,37,202637,26_Sep,202609,2026_Q3,3,2026
2026-09-11 00:00:00,37,202637,26_Sep,202609,2026_Q3,3,2026
2026-09-12 00:00:00,37,202637,26_Sep,202609,2026_Q3,3,2026
2026-09-13 00:00:00,37,202637,26_Sep,202609,2026_Q3,3,2026
2026-09-14 00:00:00,38,202638,26_Sep,202609,2026_Q3,3,2026
2026-09-15 00:00:00,38,202638,26_Sep,202609,2026_Q3,3,2026
2026-09-16 00:00:00,38,202638,26_Sep,202609,2026_Q3,3,2026
2026-09-17 00:00:00,38,202638,26_Sep,202609,2026_Q3,3,2026
2026-09-18 00:00:00,38,202638,26_Sep,202609,2026_Q3,3,2026
2026-09-19 00:00:00,38,202638,26_Sep,202609,2026_Q3,3,2026
2026-09-20 00:00:00,38,202638,26_Sep,202609,2026_Q3,3,2026
2026-09-21 00:00:00,39,202639,26_Sep,202609,2026_Q3,3,2026
2026-09-22 00:00:00,39,202639,26_Sep,202609,2026_Q3,3,2026
2026-09-23 00:00:00,39,202639,26_Sep,202609,2026_Q3,3,2026
2026-09-24 00:00:00,39,202639,26_Sep,202609,2026_Q3,3,2026
2026-09-25 00:00:00,39,202639,26_Sep,202609,2026_Q3,3,2026
2026-09-26 00:00:00,39,202639,26_Sep,202609,2026_Q3,3,2026
2026-09-27 00:00:00,39,202639,26_Sep,202609,2026_Q3,3,2026
2026-09-28 00:00:00,40,202640,26_Sep,202609,2026_Q3,3,2026
2026-09-29 00:00:00,40,202640,26_Sep,202609,2026_Q3,3,2026
2026-09-30 00:00:00,40,202640,26_Sep,202609,2026_Q3,3,2026
2026-10-01 00:00:00,40,202640,26_Oct,202610,2026_Q4,4,2026
2026-10-02 00:00:00,40,202640,26_Oct,202610,2026_Q4,4,2026
2026-10-03 00:00:00,40,202640,26_Oct,202610,2026_Q4,4,2026
2026-10-04 00:00:00,40,202640,26_Oct,202610,2026_Q4,4,2026
2026-10-05 00:00:00,41,202641,26_Oct,202610,2026_Q4,4,2026
2026-10-06 00:00:00,41,202641,26_Oct,202610,2026_Q4,4,2026
2026-10-07 00:00:00,41,202641,26_Oct,202610,2026_Q4,4,2026
2026-10-08 00:00:00,41,202641,26_Oct,202610,2026_Q4,4,2026
2026-10-09 00:00:00,41,202641,26_Oct,202610,2026_Q4,4,2026
2026-10-10 00:00:00,41,202641,26_Oct,202610,2026_Q4,4,2026
2026-10-11 00:00:00,41,202641,26_Oct,202610,2026_Q4,4,2026
2026-10-12 00:00:00,42,202642,26_Oct,202610,2026_Q4,4,2026
2026-10-13 00:00:00,42,202642,26_Oct,202610,2026_Q4,4,2026
2026-10-14 00:00:00,42,202642,26_Oct,202610,2026_Q4,4,2026
2026-10-15 00:00:00,42,202642,26_Oct,202610,2026_Q4,4,2026
2026-10-16 00:00:00,42,202642,26_Oct,202610,2026_Q4,4,2026
2026-10-17 00:00:00,42,202642,26_Oct,202610,2026_Q4,4,2026
2026-10-18 00:00:00,42,202642,26_Oct,202610,2026_Q4,4,2026
2026-10-19 00:00:00,43,202643,26_Oct,202610,2026_Q4,4,2026
2026-10-20 00:00:00,43,202643,26_Oct,202610,2026_Q4,4,2026
2026-10-21 00:00:00,43,202643,26_Oct,202610,2026_Q4,4,2026
2026-10-22 00:00:00,43,202643,26_Oct,202610,2026_Q4,4,2026
2026-10-23 00:00:00,43,202643,26_Oct,202610,2026_Q4,4,2026
2026-10-24 00:00:00,43,202643,26_Oct,202610,2026_Q4,4,2026
2026-10-25 00:00:00,43,202643,26_Oct,202610,2026_Q4,4,2026
2026-10-26 00:00:00,44,202644,26_Oct,202610,2026_Q4,4,2026
2026-10-27 00:00:00,44,202644,26_Oct,202610,2026_Q4,4,2026
2026-10-28 00:00:00,44,202644,26_Oct,202610,2026_Q4,4,2026
2026-10-29 00:00:00,44,202644,26_Oct,202610,2026_Q4,4,2026
2026-10-30 00:00:00,44,202644,26_Oct,202610,2026_Q4,4,2026
2026-10-31 00:00:00,44,202644,26_Oct,202610,2026_Q4,4,2026
2026-11-01 00:00:00,44,202644,26_Nov,202611,2026_Q4,4,2026
2026-11-02 00:00:00,45,202645,26_Nov,202611,2026_Q4,4,2026
2026-11-03 00:00:00,45,202645,26_Nov,202611,2026_Q4,4,2026
2026-11-04 00:00:00,45,202645,26_Nov,202611,2026_Q4,4,2026
2026-11-05 00:00:00,45,202645,26_Nov,202611,2026_Q4,4,2026
2026-11-06 00:00:00,45,202645,26_Nov,202611,2026_Q4,4,2026
2026-11-07 00:00:00,45,202645,26_Nov,202611,2026_Q4,4,2026
2026-11-08 00:00:00,45,202645,26_Nov,202611,2026_Q4,4,2026
2026-11-09 00:00:00,46,202646,26_Nov,202611,2026_Q4,4,2026
2026-11-10 00:00:00,46,202646,26_Nov,202611,2026_Q4,4,2026
2026-11-11 00:00:00,46,202646,26_Nov,202611,2026_Q4,4,2026
2026-11-12 00:00:00,46,202646,26_Nov,202611,2026_Q4,4,2026
2026-11-13 00:00:00,46,202646,26_Nov,202611,2026_Q4,4,2026
2026-11-14 00:00:00,46,202646,26_Nov,202611,2026_Q4,4,2026
2026-11-15 00:00:00,46,202646,26_Nov,202611,2026_Q4,4,2026
2026-11-16 00:00:00,47,202647,26_Nov,202611,2026_Q4,4,2026
2026-11-17 00:00:00,47,202647,26_Nov,202611,2026_Q4,4,2026
2026-11-18 00:00:00,47,202647,26_Nov,202611,2026_Q4,4,2026
2026-11-19 00:00:00,47,202647,26_Nov,202611,2026_Q4,4,2026
2026-11-20 00:00:00,47,202647,26_Nov,202611,2026_Q4,4,2026
2026-11-21 00:00:00,47,202647,26_Nov,202611,2026_Q4,4,2026
2026-11-22 00:00:00,47,202647,26_Nov,202611,2026_Q4,4,2026
2026-11-23 00:00:00,48,202648,26_Nov,202611,2026_Q4,4,2026
2026-11-24 00:00:00,48,202648,26_Nov,202611,2026_Q4,4,2026
2026-11-25 00:00:00,48,202648,26_Nov,202611,2026_Q4,4,2026
2026-11-26 00:00:00,48,202648,26_Nov,202611,2026_Q4,4,2026
2026-11-27 00:00:00,48,202648,26_Nov,202611,2026_Q4,4,2026
2026-11-28 00:00:00,48,202648,26_Nov,202611,2026_Q4,4,2026
2026-11-29 00:00:00,48,202648,26_Nov,202611,2026_Q4,4,2026
2026-11-30 00:00:00,49,202649,26_Nov,202611,2026_Q4,4,2026
2026-12-01 00:00:00,49,202649,26_Dec,202612,2026_Q4,4,2026
2026-12-02 00:00:00,49,202649,26_Dec,202612,2026_Q4,4,2026
2026-12-03 00:00:00,49,202649,26_Dec,202612,2026_Q4,4,2026
2026-12-04 00:00:00,49,202649,26_Dec,202612,2026_Q4,4,2026
2026-12-05 00:00:00,49,202649,26_Dec,202612,2026_Q4,4,2026
2026-12-06 00:00:00,49,202649,26_Dec,202612,2026_Q4,4,2026
2026-12-07 00:00:00,50,202650,26_Dec,202612,2026_Q4,4,2026
2026-12-08 00:00:00,50,202650,26_Dec,202612,2026_Q4,4,2026
2026-12-09 00:00:00,50,202650,26_Dec,202612,2026_Q4,4,2026
2026-12-10 00:00:00,50,202650,26_Dec,202612,2026_Q4,4,2026
2026-12-11 00:00:00,50,202650,26_Dec,202612,2026_Q4,4,2026
2026-12-12 00:00:00,50,202650,26_Dec,202612,2026_Q4,4,2026
2026-12-13 00:00:00,50,202650,26_Dec,202612,2026_Q4,4,2026
2026-12-14 00:00:00,51,202651,26_Dec,202612,2026_Q4,4,2026
2026-12-15 00:00:00,51,202651,26_Dec,202612,2026_Q4,4,2026
2026-12-16 00:00:00,51,202651,26_Dec,202612,2026_Q4,4,2026
2026-12-17 00:00:00,51,202651,26_Dec,202612,2026_Q4,4,2026
2026-12-18 00:00:00,51,202651,26_Dec,202612,2026_Q4,4,2026
2026-12-19 00:00:00,51,202651,26_Dec,202612,2026_Q4,4,2026
2026-12-20 00:00:00,51,202651,26_Dec,202612,2026_Q4,4,2026
2026-12-21 00:00:00,52,202652,26_Dec,202612,2026_Q4,4,2026
2026-12-22 00:00:00,52,202652,26_Dec,202612,2026_Q4,4,2026
2026-12-23 00:00:00,52,202652,26_Dec,202612,2026_Q4,4,2026
2026-12-24 00:00:00,52,202652,26_Dec,202612,2026_Q4,4,2026
2026-12-25 00:00:00,52,202652,26_Dec,202612,2026_Q4,4,2026
2026-12-26 00:00:00,52,202652,26_Dec,202612,2026_Q4,4,2026
2026-12-27 00:00:00,52,202652,26_Dec,202612,2026_Q4,4,2026
2026-12-28 00:00:00,53,202653,26_Dec,202612,2026_Q4,4,2026
2026-12-29 00:00:00,53,202653,26_Dec,202612,2026_Q4,4,2026
2026-12-30 00:00:00,53,202653,26_Dec,202612,2026_Q4,4,2026
2026-12-31 00:00:00,53,202653,26_Dec,202612,2026_Q4,4,2026
2027-01-01 00:00:00,53,202753,27_Jan,202701,2027_Q1,1,2027
2027-01-02 00:00:00,53,202753,27_Jan,202701,2027_Q1,1,2027
2027-01-03 00:00:00,53,202753,27_Jan,202701,2027_Q1,1,2027
2027-01-04 00:00:00,1,202701,27_Jan,202701,2027_Q1,1,2027
2027-01-05 00:00:00,1,202701,27_Jan,202701,2027_Q1,1,2027
2027-01-06 00:00:00,1,202701,27_Jan,202701,2027_Q1,1,2027
2027-01-07 00:00:00,1,202701,27_Jan,202701,2027_Q1,1,2027
2027-01-08 00:00:00,1,202701,27_Jan,202701,2027_Q1,1,2027
2027-01-09 00:00:00,1,202701,27_Jan,202701,2027_Q1,1,2027
2027-01-10 00:00:00,1,202701,27_Jan,202701,2027_Q1,1,2027
2027-01-11 00:00:00,2,202702,27_Jan,202701,2027_Q1,1,2027
2027-01-12 00:00:00,2,202702,27_Jan,202701,2027_Q1,1,2027
2027-01-13 00:00:00,2,202702,27_Jan,202701,2027_Q1,1,2027
2027-01-14 00:00:00,2,202702,27_Jan,202701,2027_Q1,1,2027
2027-01-15 00:00:00,2,202702,27_Jan,202701,2027_Q1,1,2027
2027-01-16 00:00:00,2,202702,27_Jan,202701,2027_Q1,1,2027
2027-01-17 00:00:00,2,202702,27_Jan,202701,2027_Q1,1,2027
2027-01-18 00:00:00,3,202703,27_Jan,202701,2027_Q1,1,2027
2027-01-19 00:00:00,3,202703,27_Jan,202701,2027_Q1,1,2027
2027-01-20 00:00:00,3,202703,27_Jan,202701,2027_Q1,1,2027
2027-01-21 00:00:00,3,202703,27_Jan,202701,2027_Q1,1,2027
2027-01-22 00:00:00,3,202703,27_Jan,202701,2027_Q1,1,2027
2027-01-23 00:00:00,3,202703,27_Jan,202701,2027_Q1,1,2027
2027-01-24 00:00:00,3,202703,27_Jan,202701,2027_Q1,1,2027
2027-01-25 00:00:00,4,202704,27_Jan,202701,2027_Q1,1,2027
2027-01-26 00:00:00,4,202704,27_Jan,202701,2027_Q1,1,2027
2027-01-27 00:00:00,4,202704,27_Jan,202701,2027_Q1,1,2027
2027-01-28 00:00:00,4,202704,27_Jan,202701,2027_Q1,1,2027
2027-01-29 00:00:00,4,202704,27_Jan,202701,2027_Q1,1,2027
2027-01-30 00:00:00,4,202704,27_Jan,202701,2027_Q1,1,2027
2027-01-31 00:00:00,4,202704,27_Jan,202701,2027_Q1,1,2027
2027-02-01 00:00:00,5,202705,27_Feb,202702,2027_Q1,1,2027
2027-02-02 00:00:00,5,202705,27_Feb,202702,2027_Q1,1,2027
2027-02-03 00:00:00,5,202705,27_Feb,202702,2027_Q1,1,2027
2027-02-04 00:00:00,5,202705,27_Feb,202702,2027_Q1,1,2027
2027-02-05 00:00:00,5,202705,27_Feb,202702,2027_Q1,1,2027
2027-02-06 00:00:00,5,202705,27_Feb,202702,2027_Q1,1,2027
2027-02-07 00:00:00,5,202705,27_Feb,202702,2027_Q1,1,2027
2027-02-08 00:00:00,6,202706,27_Feb,202702,2027_Q1,1,2027
2027-02-09 00:00:00,6,202706,27_Feb,202702,2027_Q1,1,2027
2027-02-10 00:00:00,6,202706,27_Feb,202702,2027_Q1,1,2027
2027-02-11 00:00:00,6,202706,27_Feb,202702,2027_Q1,1,2027
2027-02-12 00:00:00,6,202706,27_Feb,202702,2027_Q1,1,2027
2027-02-13 00:00:00,6,202706,27_Feb,202702,2027_Q1,1,2027
2027-02-14 00:00:00,6,202706,27_Feb,202702,2027_Q1,1,2027
2027-02-15 00:00:00,7,202707,27_Feb,202702,2027_Q1,1,2027
2027-02-16 00:00:00,7,202707,27_Feb,202702,2027_Q1,1,2027
2027-02-17 00:00:00,7,202707,27_Feb,202702,2027_Q1,1,2027
2027-02-18 00:00:00,7,202707,27_Feb,202702,2027_Q1,1,2027
2027-02-19 00:00:00,7,202707,27_Feb,202702,2027_Q1,1,2027
2027-02-20 00:00:00,7,202707,27_Feb,202702,2027_Q1,1,2027
2027-02-21 00:00:00,7,202707,27_Feb,202702,2027_Q1,1,2027
2027-02-22 00:00:00,8,202708,27_Feb,202702,2027_Q1,1,2027
2027-02-23 00:00:00,8,202708,27_Feb,202702,2027_Q1,1,2027
2027-02-24 00:00:00,8,202708,27_Feb,202702,2027_Q1,1,2027
2027-02-25 00:00:00,8,202708,27_Feb,202702,2027_Q1,1,2027
2027-02-26 00:00:00,8,202708,27_Feb,202702,2027_Q1,1,2027
2027-02-27 00:00:00,8,202708,27_Feb,202702,2027_Q1,1,2027
2027-02-28 00:00:00,8,202708,27_Feb,202702,2027_Q1,1,2027
2027-03-01 00:00:00,9,202709,27_Mar,202703,2027_Q1,1,2027
2027-03-02 00:00:00,9,202709,27_Mar,202703,2027_Q1,1,2027
2027-03-03 00:00:00,9,202709,27_Mar,202703,2027_Q1,1,2027
2027-03-04 00:00:00,9,202709,27_Mar,202703,2027_Q1,1,2027
2027-03-05 00:00:00,9,202709,27_Mar,202703,2027_Q1,1,2027
2027-03-06 00:00:00,9,202709,27_Mar,202703,2027_Q1,1,2027
2027-03-07 00:00:00,9,202709,27_Mar,202703,2027_Q1,1,2027
2027-03-08 00:00:00,10,202710,27_Mar,202703,2027_Q1,1,2027
2027-03-09 00:00:00,10,202710,27_Mar,202703,2027_Q1,1,2027
2027-03-10 00:00:00,10,202710,27_Mar,202703,2027_Q1,1,2027
2027-03-11 00:00:00,10,202710,27_Mar,202703,2027_Q1,1,2027
2027-03-12 00:00:00,10,202710,27_Mar,202703,2027_Q1,1,2027
2027-03-13 00:00:00,10,202710,27_Mar,202703,2027_Q1,1,2027
2027-03-14 00:00:00,10,202710,27_Mar,202703,2027_Q1,1,2027
2027-03-15 00:00:00,11,202711,27_Mar,202703,2027_Q1,1,2027
2027-03-16 00:00:00,11,202711,27_Mar,202703,2027_Q1,1,2027
2027-03-17 00:00:00,11,202711,27_Mar,202703,2027_Q1,1,2027
2027-03-18 00:00:00,11,202711,27_Mar,202703,2027_Q1,1,2027
2027-03-19 00:00:00,11,202711,27_Mar,202703,2027_Q1,1,2027
2027-03-20 00:00:00,11,202711,27_Mar,202703,2027_Q1,1,2027
2027-03-21 00:00:00,11,202711,27_Mar,202703,2027_Q1,1,2027
2027-03-22 00:00:00,12,202712,27_Mar,202703,2027_Q1,1,2027
2027-03-23 00:00:00,12,202712,27_Mar,202703,2027_Q1,1,2027
2027-03-24 00:00:00,12,202712,27_Mar,202703,2027_Q1,1,2027
2027-03-25 00:00:00,12,202712,27_Mar,202703,2027_Q1,1,2027
2027-03-26 00:00:00,12,202712,27_Mar,202703,2027_Q1,1,2027
2027-03-27 00:00:00,12,202712,27_Mar,202703,2027_Q1,1,2027
2027-03-28 00:00:00,12,202712,27_Mar,202703,2027_Q1,1,2027
2027-03-29 00:00:00,13,202713,27_Mar,202703,2027_Q1,1,2027
2027-03-30 00:00:00,13,202713,27_Mar,202703,2027_Q1,1,2027
2027-03-31 00:00:00,13,202713,27_Mar,202703,2027_Q1,1,2027
2027-04-01 00:00:00,13,202713,27_Apr,202704,2027_Q2,2,2027
2027-04-02 00:00:00,13,202713,27_Apr,202704,2027_Q2,2,2027
2027-04-03 00:00:00,13,202713,27_Apr,202704,2027_Q2,2,2027
2027-04-04 00:00:00,13,202713,27_Apr,202704,2027_Q2,2,2027
2027-04-05 00:00:00,14,202714,27_Apr,202704,2027_Q2,2,2027
2027-04-06 00:00:00,14,202714,27_Apr,202704,2027_Q2,2,2027
2027-04-07 00:00:00,14,202714,27_Apr,202704,2027_Q2,2,2027
2027-04-08 00:00:00,14,202714,27_Apr,202704,2027_Q2,2,2027
2027-04-09 00:00:00,14,202714,27_Apr,202704,2027_Q2,2,2027
2027-04-10 00:00:00,14,202714,27_Apr,202704,2027_Q2,2,2027
2027-04-11 00:00:00,14,202714,27_Apr,202704,2027_Q2,2,2027
2027-04-12 00:00:00,15,202715,27_Apr,202704,2027_Q2,2,2027
2027-04-13 00:00:00,15,202715,27_Apr,202704,2027_Q2,2,2027
2027-04-14 00:00:00,15,202715,27_Apr,202704,2027_Q2,2,2027
2027-04-15 00:00:00,15,202715,27_Apr,202704,2027_Q2,2,2027
2027-04-16 00:00:00,15,202715,27_Apr,202704,2027_Q2,2,2027
2027-04-17 00:00:00,15,202715,27_Apr,202704,2027_Q2,2,2027
2027-04-18 00:00:00,15,202715,27_Apr,202704,2027_Q2,2,2027
2027-04-19 00:00:00,16,202716,27_Apr,202704,2027_Q2,2,2027
2027-04-20 00:00:00,16,202716,27_Apr,202704,2027_Q2,2,2027
2027-04-21 00:00:00,16,202716,27_Apr,202704,2027_Q2,2,2027
2027-04-22 00:00:00,16,202716,27_Apr,202704,2027_Q2,2,2027
2027-04-23 00:00:00,16,202716,27_Apr,202704,2027_Q2,2,2027
2027-04-24 00:00:00,16,202716,27_Apr,202704,2027_Q2,2,2027
2027-04-25 00:00:00,16,202716,27_Apr,202704,2027_Q2,2,2027
2027-04-26 00:00:00,17,202717,27_Apr,202704,2027_Q2,2,2027
2027-04-27 00:00:00,17,202717,27_Apr,202704,2027_Q2,2,2027
2027-04-28 00:00:00,17,202717,27_Apr,202704,2027_Q2,2,2027
2027-04-29 00:00:00,17,202717,27_Apr,202704,2027_Q2,2,2027
2027-04-30 00:00:00,17,202717,27_Apr,202704,2027_Q2,2,2027
2027-05-01 00:00:00,17,202717,27_May,202705,2027_Q2,2,2027
2027-05-02 00:00:00,17,202717,27_May,202705,2027_Q2,2,2027
2027-05-03 00:00:00,18,202718,27_May,202705,2027_Q2,2,2027
2027-05-04 00:00:00,18,202718,27_May,202705,2027_Q2,2,2027
2027-05-05 00:00:00,18,202718,27_May,202705,2027_Q2,2,2027
2027-05-06 00:00:00,18,202718,27_May,202705,2027_Q2,2,2027
2027-05-07 00:00:00,18,202718,27_May,202705,2027_Q2,2,2027
2027-05-08 00:00:00,18,202718,27_May,202705,2027_Q2,2,2027
2027-05-09 00:00:00,18,202718,27_May,202705,2027_Q2,2,2027
2027-05-10 00:00:00,19,202719,27_May,202705,2027_Q2,2,2027
2027-05-11 00:00:00,19,202719,27_May,202705,2027_Q2,2,2027
2027-05-12 00:00:00,19,202719,27_May,202705,2027_Q2,2,2027
2027-05-13 00:00:00,19,202719,27_May,202705,2027_Q2,2,2027
2027-05-14 00:00:00,19,202719,27_May,202705,2027_Q2,2,2027
2027-05-15 00:00:00,19,202719,27_May,202705,2027_Q2,2,2027
2027-05-16 00:00:00,19,202719,27_May,202705,2027_Q2,2,2027
2027-05-17 00:00:00,20,202720,27_May,202705,2027_Q2,2,2027
2027-05-18 00:00:00,20,202720,27_May,202705,2027_Q2,2,2027
2027-05-19 00:00:00,20,202720,27_May,202705,2027_Q2,2,2027
2027-05-20 00:00:00,20,202720,27_May,202705,2027_Q2,2,2027
2027-05-21 00:00:00,20,202720,27_May,202705,2027_Q2,2,2027
2027-05-22 00:00:00,20,202720,27_May,202705,2027_Q2,2,2027
2027-05-23 00:00:00,20,202720,27_May,202705,2027_Q2,2,2027
2027-05-24 00:00:00,21,202721,27_May,202705,2027_Q2,2,2027
2027-05-25 00:00:00,21,202721,27_May,202705,2027_Q2,2,2027
2027-05-26 00:00:00,21,202721,27_May,202705,2027_Q2,2,2027
2027-05-27 00:00:00,21,202721,27_May,202705,2027_Q2,2,2027
2027-05-28 00:00:00,21,202721,27_May,202705,2027_Q2,2,2027
2027-05-29 00:00:00,21,202721,27_May,202705,2027_Q2,2,2027
2027-05-30 00:00:00,21,202721,27_May,202705,2027_Q2,2,2027
2027-05-31 00:00:00,22,202722,27_May,202705,2027_Q2,2,2027
2027-06-01 00:00:00,22,202722,27_Jun,202706,2027_Q2,2,2027
2027-06-02 00:00:00,22,202722,27_Jun,202706,2027_Q2,2,2027
2027-06-03 00:00:00,22,202722,27_Jun,202706,2027_Q2,2,2027
2027-06-04 00:00:00,22,202722,27_Jun,202706,2027_Q2,2,2027
2027-06-05 00:00:00,22,202722,27_Jun,202706,2027_Q2,2,2027
2027-06-06 00:00:00,22,202722,27_Jun,202706,2027_Q2,2,2027
2027-06-07 00:00:00,23,202723,27_Jun,202706,2027_Q2,2,2027
2027-06-08 00:00:00,23,202723,27_Jun,202706,2027_Q2,2,2027
2027-06-09 00:00:00,23,202723,27_Jun,202706,2027_Q2,2,2027
2027-06-10 00:00:00,23,202723,27_Jun,202706,2027_Q2,2,2027
2027-06-11 00:00:00,23,202723,27_Jun,202706,2027_Q2,2,2027
2027-06-12 00:00:00,23,202723,27_Jun,202706,2027_Q2,2,2027
2027-06-13 00:00:00,23,202723,27_Jun,202706,2027_Q2,2,2027
2027-06-14 00:00:00,24,202724,27_Jun,202706,2027_Q2,2,2027
2027-06-15 00:00:00,24,202724,27_Jun,202706,2027_Q2,2,2027
2027-06-16 00:00:00,24,202724,27_Jun,202706,2027_Q2,2,2027
2027-06-17 00:00:00,24,202724,27_Jun,202706,2027_Q2,2,2027
2027-06-18 00:00:00,24,202724,27_Jun,202706,2027_Q2,2,2027
2027-06-19 00:00:00,24,202724,27_Jun,202706,2027_Q2,2,2027
2027-06-20 00:00:00,24,202724,27_Jun,202706,2027_Q2,2,2027
2027-06-21 00:00:00,25,202725,27_Jun,202706,2027_Q2,2,2027
2027-06-22 00:00:00,25,202725,27_Jun,202706,2027_Q2,2,2027
2027-06-23 00:00:00,25,202725,27_Jun,202706,2027_Q2,2,2027
2027-06-24 00:00:00,25,202725,27_Jun,202706,2027_Q2,2,2027
2027-06-25 00:00:00,25,202725,27_Jun,202706,2027_Q2,2,2027
2027-06-26 00:00:00,25,202725,27_Jun,202706,2027_Q2,2,2027
2027-06-27 00:00:00,25,202725,27_Jun,202706,2027_Q2,2,2027
2027-06-28 00:00:00,26,202726,27_Jun,202706,2027_Q2,2,2027
2027-06-29 00:00:00,26,202726,27_Jun,202706,2027_Q2,2,2027
2027-06-30 00:00:00,26,202726,27_Jun,202706,2027_Q2,2,2027
2027-07-01 00:00:00,26,202726,27_Jul,202707,2027_Q3,3,2027
2027-07-02 00:00:00,26,202726,27_Jul,202707,2027_Q3,3,2027
2027-07-03 00:00:00,26,202726,27_Jul,202707,2027_Q3,3,2027
2027-07-04 00:00:00,26,202726,27_Jul,202707,2027_Q3,3,2027
2027-07-05 00:00:00,27,202727,27_Jul,202707,2027_Q3,3,2027
2027-07-06 00:00:00,27,202727,27_Jul,202707,2027_Q3,3,2027
2027-07-07 00:00:00,27,202727,27_Jul,202707,2027_Q3,3,2027
2027-07-08 00:00:00,27,202727,27_Jul,202707,2027_Q3,3,2027
2027-07-09 00:00:00,27,202727,27_Jul,202707,2027_Q3,3,2027
2027-07-10 00:00:00,27,202727,27_Jul,202707,2027_Q3,3,2027
2027-07-11 00:00:00,27,202727,27_Jul,202707,2027_Q3,3,2027
2027-07-12 00:00:00,28,202728,27_Jul,202707,2027_Q3,3,2027
2027-07-13 00:00:00,28,202728,27_Jul,202707,2027_Q3,3,2027
2027-07-14 00:00:00,28,202728,27_Jul,202707,2027_Q3,3,2027
2027-07-15 00:00:00,28,202728,27_Jul,202707,2027_Q3,3,2027
2027-07-16 00:00:00,28,202728,27_Jul,202707,2027_Q3,3,2027
2027-07-17 00:00:00,28,202728,27_Jul,202707,2027_Q3,3,2027
2027-07-18 00:00:00,28,202728,27_Jul,202707,2027_Q3,3,2027
2027-07-19 00:00:00,29,202729,27_Jul,202707,2027_Q3,3,2027
2027-07-20 00:00:00,29,202729,27_Jul,202707,2027_Q3,3,2027
2027-07-21 00:00:00,29,202729,27_Jul,202707,2027_Q3,3,2027
2027-07-22 00:00:00,29,202729,27_Jul,202707,2027_Q3,3,2027
2027-07-23 00:00:00,29,202729,27_Jul,202707,2027_Q3,3,2027
2027-07-24 00:00:00,29,202729,27_Jul,202707,2027_Q3,3,2027
2027-07-25 00:00:00,29,202729,27_Jul,202707,2027_Q3,3,2027
2027-07-26 00:00:00,30,202730,27_Jul,202707,2027_Q3,3,2027
2027-07-27 00:00:00,30,202730,27_Jul,202707,2027_Q3,3,2027
2027-07-28 00:00:00,30,202730,27_Jul,202707,2027_Q3,3,2027
2027-07-29 00:00:00,30,202730,27_Jul,202707,2027_Q3,3,2027
2027-07-30 00:00:00,30,202730,27_Jul,202707,2027_Q3,3,2027
2027-07-31 00:00:00,30,202730,27_Jul,202707,2027_Q3,3,2027
2027-08-01 00:00:00,30,202730,27_Aug,202708,2027_Q3,3,2027
2027-08-02 00:00:00,31,202731,27_Aug,202708,2027_Q3,3,2027
2027-08-03 00:00:00,31,202731,27_Aug,202708,2027_Q3,3,2027
2027-08-04 00:00:00,31,202731,27_Aug,202708,2027_Q3,3,2027
2027-08-05 00:00:00,31,202731,27_Aug,202708,2027_Q3,3,2027
2027-08-06 00:00:00,31,202731,27_Aug,202708,2027_Q3,3,2027
2027-08-07 00:00:00,31,202731,27_Aug,202708,2027_Q3,3,2027
2027-08-08 00:00:00,31,202731,27_Aug,202708,2027_Q3,3,2027
2027-08-09 00:00:00,32,202732,27_Aug,202708,2027_Q3,3,2027
2027-08-10 00:00:00,32,202732,27_Aug,202708,2027_Q3,3,2027
2027-08-11 00:00:00,32,202732,27_Aug,202708,2027_Q3,3,2027
2027-08-12 00:00:00,32,202732,27_Aug,202708,2027_Q3,3,2027
2027-08-13 00:00:00,32,202732,27_Aug,202708,2027_Q3,3,2027
2027-08-14 00:00:00,32,202732,27_Aug,202708,2027_Q3,3,2027
2027-08-15 00:00:00,32,202732,27_Aug,202708,2027_Q3,3,2027
2027-08-16 00:00:00,33,202733,27_Aug,202708,2027_Q3,3,2027
2027-08-17 00:00:00,33,202733,27_Aug,202708,2027_Q3,3,2027
2027-08-18 00:00:00,33,202733,27_Aug,202708,2027_Q3,3,2027
2027-08-19 00:00:00,33,202733,27_Aug,202708,2027_Q3,3,2027
2027-08-20 00:00:00,33,202733,27_Aug,202708,2027_Q3,3,2027
2027-08-21 00:00:00,33,202733,27_Aug,202708,2027_Q3,3,2027
2027-08-22 00:00:00,33,202733,27_Aug,202708,2027_Q3,3,2027
2027-08-23 00:00:00,34,202734,27_Aug,202708,2027_Q3,3,2027
2027-08-24 00:00:00,34,202734,27_Aug,202708,2027_Q3,3,2027
2027-08-25 00:00:00,34,202734,27_Aug,202708,2027_Q3,3,2027
2027-08-26 00:00:00,34,202734,27_Aug,202708,2027_Q3,3,2027
2027-08-27 00:00:00,34,202734,27_Aug,202708,2027_Q3,3,2027
2027-08-28 00:00:00,34,202734,27_Aug,202708,2027_Q3,3,2027
2027-08-29 00:00:00,34,202734,27_Aug,202708,2027_Q3,3,2027
2027-08-30 00:00:00,35,202735,27_Aug,202708,2027_Q3,3,2027
2027-08-31 00:00:00,35,202735,27_Aug,202708,2027_Q3,3,2027
2027-09-01 00:00:00,35,202735,27_Sep,202709,2027_Q3,3,2027
2027-09-02 00:00:00,35,202735,27_Sep,202709,2027_Q3,3,2027
2027-09-03 00:00:00,35,202735,27_Sep,202709,2027_Q3,3,2027
2027-09-04 00:00:00,35,202735,27_Sep,202709,2027_Q3,3,2027
2027-09-05 00:00:00,35,202735,27_Sep,202709,2027_Q3,3,2027
2027-09-06 00:00:00,36,202736,27_Sep,202709,2027_Q3,3,2027
2027-09-07 00:00:00,36,202736,27_Sep,202709,2027_Q3,3,2027
2027-09-08 00:00:00,36,202736,27_Sep,202709,2027_Q3,3,2027
2027-09-09 00:00:00,36,202736,27_Sep,202709,2027_Q3,3,2027
2027-09-10 00:00:00,36,202736,27_Sep,202709,2027_Q3,3,2027
2027-09-11 00:00:00,36,202736,27_Sep,202709,2027_Q3,3,2027
2027-09-12 00:00:00,36,202736,27_Sep,202709,2027_Q3,3,2027
2027-09-13 00:00:00,37,202737,27_Sep,202709,2027_Q3,3,2027
2027-09-14 00:00:00,37,202737,27_Sep,202709,2027_Q3,3,2027
2027-09-15 00:00:00,37,202737,27_Sep,202709,2027_Q3,3,2027
2027-09-16 00:00:00,37,202737,27_Sep,202709,2027_Q3,3,2027
2027-09-17 00:00:00,37,202737,27_Sep,202709,2027_Q3,3,2027
2027-09-18 00:00:00,37,202737,27_Sep,202709,2027_Q3,3,2027
2027-09-19 00:00:00,37,202737,27_Sep,202709,2027_Q3,3,2027
2027-09-20 00:00:00,38,202738,27_Sep,202709,2027_Q3,3,2027
2027-09-21 00:00:00,38,202738,27_Sep,202709,2027_Q3,3,2027
2027-09-22 00:00:00,38,202738,27_Sep,202709,2027_Q3,3,2027
2027-09-23 00:00:00,38,202738,27_Sep,202709,2027_Q3,3,2027
2027-09-24 00:00:00,38,202738,27_Sep,202709,2027_Q3,3,2027
2027-09-25 00:00:00,38,202738,27_Sep,202709,2027_Q3,3,2027
2027-09-26 00:00:00,38,202738,27_Sep,202709,2027_Q3,3,2027
2027-09-27 00:00:00,39,202739,27_Sep,202709,2027_Q3,3,2027
2027-09-28 00:00:00,39,202739,27_Sep,202709,2027_Q3,3,2027
2027-09-29 00:00:00,39,202739,27_Sep,202709,2027_Q3,3,2027
2027-09-30 00:00:00,39,202739,27_Sep,202709,2027_Q3,3,2027
2027-10-01 00:00:00,39,202739,27_Oct,202710,2027_Q4,4,2027
2027-10-02 00:00:00,39,202739,27_Oct,202710,2027_Q4,4,2027
2027-10-03 00:00:00,39,202739,27_Oct,202710,2027_Q4,4,2027
2027-10-04 00:00:00,40,202740,27_Oct,202710,2027_Q4,4,2027
2027-10-05 00:00:00,40,202740,27_Oct,202710,2027_Q4,4,2027
2027-10-06 00:00:00,40,202740,27_Oct,202710,2027_Q4,4,2027
2027-10-07 00:00:00,40,202740,27_Oct,202710,2027_Q4,4,2027
2027-10-08 00:00:00,40,202740,27_Oct,202710,2027_Q4,4,2027
2027-10-09 00:00:00,40,202740,27_Oct,202710,2027_Q4,4,2027
2027-10-10 00:00:00,40,202740,27_Oct,202710,2027_Q4,4,2027
2027-10-11 00:00:00,41,202741,27_Oct,202710,2027_Q4,4,2027
2027-10-12 00:00:00,41,202741,27_Oct,202710,2027_Q4,4,2027
2027-10-13 00:00:00,41,202741,27_Oct,202710,2027_Q4,4,2027
2027-10-14 00:00:00,41,202741,27_Oct,202710,2027_Q4,4,2027
2027-10-15 00:00:00,41,202741,27_Oct,202710,2027_Q4,4,2027
2027-10-16 00:00:00,41,202741,27_Oct,202710,2027_Q4,4,2027
2027-10-17 00:00:00,41,202741,27_Oct,202710,2027_Q4,4,2027
2027-10-18 00:00:00,42,202742,27_Oct,202710,2027_Q4,4,2027
2027-10-19 00:00:00,42,202742,27_Oct,202710,2027_Q4,4,2027
2027-10-20 00:00:00,42,202742,27_Oct,202710,2027_Q4,4,2027
2027-10-21 00:00:00,42,202742,27_Oct,202710,2027_Q4,4,2027
2027-10-22 00:00:00,42,202742,27_Oct,202710,2027_Q4,4,2027
2027-10-23 00:00:00,42,202742,27_Oct,202710,2027_Q4,4,2027
2027-10-24 00:00:00,42,202742,27_Oct,202710,2027_Q4,4,2027
2027-10-25 00:00:00,43,202743,27_Oct,202710,2027_Q4,4,2027
2027-10-26 00:00:00,43,202743,27_Oct,202710,2027_Q4,4,2027
2027-10-27 00:00:00,43,202743,27_Oct,202710,2027_Q4,4,2027
2027-10-28 00:00:00,43,202743,27_Oct,202710,2027_Q4,4,2027
2027-10-29 00:00:00,43,202743,27_Oct,202710,2027_Q4,4,2027
2027-10-30 00:00:00,43,202743,27_Oct,202710,2027_Q4,4,2027
2027-10-31 00:00:00,43,202743,27_Oct,202710,2027_Q4,4,2027
2027-11-01 00:00:00,44,202744,27_Nov,202711,2027_Q4,4,2027
2027-11-02 00:00:00,44,202744,27_Nov,202711,2027_Q4,4,2027
2027-11-03 00:00:00,44,202744,27_Nov,202711,2027_Q4,4,2027
2027-11-04 00:00:00,44,202744,27_Nov,202711,2027_Q4,4,2027
2027-11-05 00:00:00,44,202744,27_Nov,202711,2027_Q4,4,2027
2027-11-06 00:00:00,44,202744,27_Nov,202711,2027_Q4,4,2027
2027-11-07 00:00:00,44,202744,27_Nov,202711,2027_Q4,4,2027
2027-11-08 00:00:00,45,202745,27_Nov,202711,2027_Q4,4,2027
2027-11-09 00:00:00,45,202745,27_Nov,202711,2027_Q4,4,2027
2027-11-10 00:00:00,45,202745,27_Nov,202711,2027_Q4,4,2027
2027-11-11 00:00:00,45,202745,27_Nov,202711,2027_Q4,4,2027
2027-11-12 00:00:00,45,202745,27_Nov,202711,2027_Q4,4,2027
2027-11-13 00:00:00,45,202745,27_Nov,202711,2027_Q4,4,2027
2027-11-14 00:00:00,45,202745,27_Nov,202711,2027_Q4,4,2027
2027-11-15 00:00:00,46,202746,27_Nov,202711,2027_Q4,4,2027
2027-11-16 00:00:00,46,202746,27_Nov,202711,2027_Q4,4,2027
2027-11-17 00:00:00,46,202746,27_Nov,202711,2027_Q4,4,2027
2027-11-18 00:00:00,46,202746,27_Nov,202711,2027_Q4,4,2027
2027-11-19 00:00:00,46,202746,27_Nov,202711,2027_Q4,4,2027
2027-11-20 00:00:00,46,202746,27_Nov,202711,2027_Q4,4,2027
2027-11-21 00:00:00,46,202746,27_Nov,202711,2027_Q4,4,2027
2027-11-22 00:00:00,47,202747,27_Nov,202711,2027_Q4,4,2027
2027-11-23 00:00:00,47,202747,27_Nov,202711,2027_Q4,4,2027
2027-11-24 00:00:00,47,202747,27_Nov,202711,2027_Q4,4,2027
2027-11-25 00:00:00,47,202747,27_Nov,202711,2027_Q4,4,2027
2027-11-26 00:00:00,47,202747,27_Nov,202711,2027_Q4,4,2027
2027-11-27 00:00:00,47,202747,27_Nov,202711,2027_Q4,4,2027
2027-11-28 00:00:00,47,202747,27_Nov,202711,2027_Q4,4,2027
2027-11-29 00:00:00,48,202748,27_Nov,202711,2027_Q4,4,2027
2027-11-30 00:00:00,48,202748,27_Nov,202711,2027_Q4,4,2027
2027-12-01 00:00:00,48,202748,27_Dec,202712,2027_Q4,4,2027
2027-12-02 00:00:00,48,202748,27_Dec,202712,2027_Q4,4,2027
2027-12-03 00:00:00,48,202748,27_Dec,202712,2027_Q4,4,2027
2027-12-04 00:00:00,48,202748,27_Dec,202712,2027_Q4,4,2027
2027-12-05 00:00:00,48,202748,27_Dec,202712,2027_Q4,4,2027
2027-12-06 00:00:00,49,202749,27_Dec,202712,2027_Q4,4,2027
2027-12-07 00:00:00,49,202749,27_Dec,202712,2027_Q4,4,2027
2027-12-08 00:00:00,49,202749,27_Dec,202712,2027_Q4,4,2027
2027-12-09 00:00:00,49,202749,27_Dec,202712,2027_Q4,4,2027
2027-12-10 00:00:00,49,202749,27_Dec,202712,2027_Q4,4,2027
2027-12-11 00:00:00,49,202749,27_Dec,202712,2027_Q4,4,2027
2027-12-12 00:00:00,49,202749,27_Dec,202712,2027_Q4,4,2027
2027-12-13 00:00:00,50,202750,27_Dec,202712,2027_Q4,4,2027
2027-12-14 00:00:00,50,202750,27_Dec,202712,2027_Q4,4,2027
2027-12-15 00:00:00,50,202750,27_Dec,202712,2027_Q4,4,2027
2027-12-16 00:00:00,50,202750,27_Dec,202712,2027_Q4,4,2027
2027-12-17 00:00:00,50,202750,27_Dec,202712,2027_Q4,4,2027
2027-12-18 00:00:00,50,202750,27_Dec,202712,2027_Q4,4,2027
2027-12-19 00:00:00,50,202750,27_Dec,202712,2027_Q4,4,2027
2027-12-20 00:00:00,51,202751,27_Dec,202712,2027_Q4,4,2027
2027-12-21 00:00:00,51,202751,27_Dec,202712,2027_Q4,4,2027
2027-12-22 00:00:00,51,202751,27_Dec,202712,2027_Q4,4,2027
2027-12-23 00:00:00,51,202751,27_Dec,202712,2027_Q4,4,2027
2027-12-24 00:00:00,51,202751,27_Dec,202712,2027_Q4,4,2027
2027-12-25 00:00:00,51,202751,27_Dec,202712,2027_Q4,4,2027
2027-12-26 00:00:00,51,202751,27_Dec,202712,2027_Q4,4,2027
2027-12-27 00:00:00,52,202752,27_Dec,202712,2027_Q4,4,2027
2027-12-28 00:00:00,52,202752,27_Dec,202712,2027_Q4,4,2027
2027-12-29 00:00:00,52,202752,27_Dec,202712,2027_Q4,4,2027
2027-12-30 00:00:00,52,202752,27_Dec,202712,2027_Q4,4,2027
2027-12-31 00:00:00,52,202752,27_Dec,202712,2027_Q4,4,2027
